-- weddingCatalogMock에서 생성된 카탈로그 시드입니다.
-- 직접 수정하지 말고 scripts/generate-catalog-seed.ts를 다시 실행하세요.

insert into public.snap_artists (id, studio_name, artist_name, introduction, profile_image_url, scenes, tones, keywords, package_summary, price_from, duration_hours, delivery_days, reservation_lead_days, sort_order) values ('mare-snap', '마레 스냅', '서윤', '바다의 결, 두 사람의 편안한 표정을 오래 남겨요.', '/images/profile/01.png', array['sea', 'sunset', 'stone-wall']::text[], array['natural', 'warm']::text[], array['자연스러운 포즈', '바다', '노을']::text[], '1.5시간 촬영 · 색감 보정본 500장 · 인물 보정 13장', 650000, 1.5, 18, 30, 0);
insert into public.snap_packages (id, artist_id, name, description, price, duration_hours, outfit_count_minimum, outfit_count_maximum, scene_count, color_corrected_count, basic_retouched_count, selected_retouched_count, included_services, recommended_for, add_ons, sort_order) values ('mare-snap-light', 'mare-snap', '라이트', '한 가지 제주 씬에 집중해 가볍고 자연스럽게 남기는 촬영이에요.', 650000, 1.5, 1, 2, 1, 500, 8, 5, array['작가 1인 촬영', '색감 보정본 전체 제공', '촬영 전 온라인 브리핑']::text[], array['셀프웨딩', '짧은 제주 여행', '한 가지 씬 집중']::text[], '[{"id":"film-light","name":"필름 카메라 추가","price":80000,"description":"디지털 촬영과 별도로 필름 질감의 셀렉 컷을 더해요."},{"id":"drone-light","name":"드론 하이라이트","price":180000,"description":"제주 풍경을 넓게 담는 짧은 드론 하이라이트를 추가해요.","notice":"비행 가능 구역, 날씨, 풍속, 현장 허가 조건에 따라 진행 여부가 달라질 수 있어요."}]'::jsonb, 0);
insert into public.snap_packages (id, artist_id, name, description, price, duration_hours, outfit_count_minimum, outfit_count_maximum, scene_count, color_corrected_count, basic_retouched_count, selected_retouched_count, included_services, recommended_for, add_ons, sort_order) values ('mare-snap-signature', 'mare-snap', '시그니처', '의상과 장면을 나누어 제주에서의 하루를 가장 균형 있게 담아요.', 1010000, 3.5, 2, 3, 2, 1100, 15, 10, array['작가 1인 촬영', '색감 보정본 전체 제공', '인물 보정본 제공', '촬영 전 온라인 브리핑']::text[], array['본식 전 웨딩 스냅', '2~3벌 의상', '제주 대표 씬 조합']::text[], '[{"id":"film-signature","name":"필름 카메라 추가","price":120000,"description":"디지털 촬영과 별도로 필름 질감의 셀렉 컷을 더해요."},{"id":"drone-signature","name":"드론 하이라이트","price":180000,"description":"제주 풍경을 넓게 담는 짧은 드론 하이라이트를 추가해요.","notice":"비행 가능 구역, 날씨, 풍속, 현장 허가 조건에 따라 진행 여부가 달라질 수 있어요."}]'::jsonb, 1);
insert into public.snap_packages (id, artist_id, name, description, price, duration_hours, outfit_count_minimum, outfit_count_maximum, scene_count, color_corrected_count, basic_retouched_count, selected_retouched_count, included_services, recommended_for, add_ons, sort_order) values ('mare-snap-day', 'mare-snap', '제주 데이', '낮의 초록부터 노을까지, 여유 있게 여러 장면을 이어가는 촬영이에요.', 1350000, 5, 3, 4, 4, 1800, 25, 20, array['작가 1인 촬영', '색감 보정본 전체 제공', '인물 보정본 제공', '촬영 전 온라인 브리핑', '노을 또는 야간 씬 조율']::text[], array['여유 있는 제주 체류', '3~4벌 의상', '낮부터 노을까지']::text[], '[{"id":"film-day","name":"필름 카메라 추가","price":120000,"description":"디지털 촬영과 별도로 필름 질감의 셀렉 컷을 더해요."},{"id":"drone-day","name":"드론 하이라이트","price":220000,"description":"제주 풍경을 넓게 담는 짧은 드론 하이라이트를 추가해요.","notice":"비행 가능 구역, 날씨, 풍속, 현장 허가 조건에 따라 진행 여부가 달라질 수 있어요."}]'::jsonb, 2);
insert into public.snap_artists (id, studio_name, artist_name, introduction, profile_image_url, scenes, tones, keywords, package_summary, price_from, duration_hours, delivery_days, reservation_lead_days, sort_order) values ('afternoon-island', '오후의 섬', '도현', '제주 바람이 스치는 순간을 담백한 색으로 기록합니다.', '/images/profile/02.png', array['oreum', 'ranch', 'sea']::text[], array['natural', 'film']::text[], array['다큐멘터리', '바람', '필름 질감']::text[], '2시간 촬영 · 색감 보정본 550장 · 인물 보정 15장', 720000, 2, 21, 45, 1);
insert into public.snap_packages (id, artist_id, name, description, price, duration_hours, outfit_count_minimum, outfit_count_maximum, scene_count, color_corrected_count, basic_retouched_count, selected_retouched_count, included_services, recommended_for, add_ons, sort_order) values ('afternoon-island-light', 'afternoon-island', '원 씬', '한 가지 제주 씬에 집중해 가볍고 자연스럽게 남기는 촬영이에요.', 720000, 2, 1, 2, 1, 550, 10, 5, array['작가 1인 촬영', '색감 보정본 전체 제공', '촬영 전 온라인 브리핑']::text[], array['셀프웨딩', '짧은 제주 여행', '한 가지 씬 집중']::text[], '[{"id":"film-light","name":"필름 카메라 추가","price":80000,"description":"디지털 촬영과 별도로 필름 질감의 셀렉 컷을 더해요."},{"id":"night-light","name":"야간 조명 씬","price":100000,"description":"해가 진 뒤 조명 장비를 활용한 한 장면을 추가해요."}]'::jsonb, 0);
insert into public.snap_packages (id, artist_id, name, description, price, duration_hours, outfit_count_minimum, outfit_count_maximum, scene_count, color_corrected_count, basic_retouched_count, selected_retouched_count, included_services, recommended_for, add_ons, sort_order) values ('afternoon-island-signature', 'afternoon-island', '투 씬', '의상과 장면을 나누어 제주에서의 하루를 가장 균형 있게 담아요.', 1110000, 4, 2, 3, 3, 1200, 17, 12, array['작가 1인 촬영', '색감 보정본 전체 제공', '인물 보정본 제공', '촬영 전 온라인 브리핑']::text[], array['본식 전 웨딩 스냅', '2~3벌 의상', '제주 대표 씬 조합']::text[], '[{"id":"film-signature","name":"필름 카메라 추가","price":120000,"description":"디지털 촬영과 별도로 필름 질감의 셀렉 컷을 더해요."},{"id":"night-signature","name":"야간 조명 씬","price":100000,"description":"해가 진 뒤 조명 장비를 활용한 한 장면을 추가해요."}]'::jsonb, 1);
insert into public.snap_packages (id, artist_id, name, description, price, duration_hours, outfit_count_minimum, outfit_count_maximum, scene_count, color_corrected_count, basic_retouched_count, selected_retouched_count, included_services, recommended_for, add_ons, sort_order) values ('afternoon-island-day', 'afternoon-island', '올데이', '낮의 초록부터 노을까지, 여유 있게 여러 장면을 이어가는 촬영이에요.', 1460000, 5.5, 3, 4, 5, 1900, 28, 23, array['작가 1인 촬영', '색감 보정본 전체 제공', '인물 보정본 제공', '촬영 전 온라인 브리핑', '노을 또는 야간 씬 조율']::text[], array['여유 있는 제주 체류', '3~4벌 의상', '낮부터 노을까지']::text[], '[{"id":"film-day","name":"필름 카메라 추가","price":120000,"description":"디지털 촬영과 별도로 필름 질감의 셀렉 컷을 더해요."},{"id":"night-day","name":"야간 조명 씬","price":100000,"description":"해가 진 뒤 조명 장비를 활용한 한 장면을 추가해요."}]'::jsonb, 2);
insert into public.snap_artists (id, studio_name, artist_name, introduction, profile_image_url, scenes, tones, keywords, package_summary, price_from, duration_hours, delivery_days, reservation_lead_days, sort_order) values ('mono-jeju', '모노 제주', '하린', '돌담과 숲길 사이, 두 사람의 호흡에 집중합니다.', '/images/profile/03.png', array['stone-wall', 'forest', 'oreum']::text[], array['classic', 'natural']::text[], array['절제된 포즈', '돌담', '클래식']::text[], '2시간 촬영 · 색감 보정본 600장 · 인물 보정 17장', 790000, 2, 24, 60, 2);
insert into public.snap_packages (id, artist_id, name, description, price, duration_hours, outfit_count_minimum, outfit_count_maximum, scene_count, color_corrected_count, basic_retouched_count, selected_retouched_count, included_services, recommended_for, add_ons, sort_order) values ('mono-jeju-light', 'mono-jeju', '퍼스트 컷', '한 가지 제주 씬에 집중해 가볍고 자연스럽게 남기는 촬영이에요.', 790000, 2, 1, 2, 1, 600, 12, 5, array['작가 1인 촬영', '색감 보정본 전체 제공', '촬영 전 온라인 브리핑']::text[], array['셀프웨딩', '짧은 제주 여행', '한 가지 씬 집중']::text[], '[{"id":"film-light","name":"필름 카메라 추가","price":80000,"description":"디지털 촬영과 별도로 필름 질감의 셀렉 컷을 더해요."},{"id":"reels-light","name":"세로 릴스 스케치","price":130000,"description":"촬영 중 주요 순간을 세로 영상으로 짧게 기록해요."}]'::jsonb, 0);
insert into public.snap_packages (id, artist_id, name, description, price, duration_hours, outfit_count_minimum, outfit_count_maximum, scene_count, color_corrected_count, basic_retouched_count, selected_retouched_count, included_services, recommended_for, add_ons, sort_order) values ('mono-jeju-signature', 'mono-jeju', '스토리 컷', '의상과 장면을 나누어 제주에서의 하루를 가장 균형 있게 담아요.', 1210000, 3.5, 2, 3, 2, 1300, 19, 14, array['작가 1인 촬영', '색감 보정본 전체 제공', '인물 보정본 제공', '촬영 전 온라인 브리핑']::text[], array['본식 전 웨딩 스냅', '2~3벌 의상', '제주 대표 씬 조합']::text[], '[{"id":"film-signature","name":"필름 카메라 추가","price":120000,"description":"디지털 촬영과 별도로 필름 질감의 셀렉 컷을 더해요."},{"id":"reels-signature","name":"세로 릴스 스케치","price":130000,"description":"촬영 중 주요 순간을 세로 영상으로 짧게 기록해요."}]'::jsonb, 1);
insert into public.snap_packages (id, artist_id, name, description, price, duration_hours, outfit_count_minimum, outfit_count_maximum, scene_count, color_corrected_count, basic_retouched_count, selected_retouched_count, included_services, recommended_for, add_ons, sort_order) values ('mono-jeju-day', 'mono-jeju', '롱 스테이', '낮의 초록부터 노을까지, 여유 있게 여러 장면을 이어가는 촬영이에요.', 1570000, 5, 3, 4, 4, 2000, 31, 26, array['작가 1인 촬영', '색감 보정본 전체 제공', '인물 보정본 제공', '촬영 전 온라인 브리핑', '노을 또는 야간 씬 조율']::text[], array['여유 있는 제주 체류', '3~4벌 의상', '낮부터 노을까지']::text[], '[{"id":"film-day","name":"필름 카메라 추가","price":120000,"description":"디지털 촬영과 별도로 필름 질감의 셀렉 컷을 더해요."},{"id":"reels-day","name":"세로 릴스 스케치","price":130000,"description":"촬영 중 주요 순간을 세로 영상으로 짧게 기록해요."}]'::jsonb, 2);
insert into public.snap_artists (id, studio_name, artist_name, introduction, profile_image_url, scenes, tones, keywords, package_summary, price_from, duration_hours, delivery_days, reservation_lead_days, sort_order) values ('between-studio', '틈 스튜디오', '지안', '긴장하지 않아도 괜찮은, 가볍고 밝은 촬영을 만들어요.', '/images/profile/04.png', array['ranch', 'oreum', 'sunset']::text[], array['warm', 'natural']::text[], array['밝은 에너지', '초원', '움직임']::text[], '1.5시간 촬영 · 색감 보정본 650장 · 인물 보정 19장', 860000, 1.5, 27, 75, 3);
insert into public.snap_packages (id, artist_id, name, description, price, duration_hours, outfit_count_minimum, outfit_count_maximum, scene_count, color_corrected_count, basic_retouched_count, selected_retouched_count, included_services, recommended_for, add_ons, sort_order) values ('between-studio-light', 'between-studio', '브리즈', '한 가지 제주 씬에 집중해 가볍고 자연스럽게 남기는 촬영이에요.', 860000, 1.5, 1, 2, 1, 650, 14, 5, array['작가 1인 촬영', '색감 보정본 전체 제공', '촬영 전 온라인 브리핑']::text[], array['셀프웨딩', '짧은 제주 여행', '한 가지 씬 집중']::text[], '[{"id":"film-light","name":"필름 카메라 추가","price":80000,"description":"디지털 촬영과 별도로 필름 질감의 셀렉 컷을 더해요."},{"id":"album-light","name":"미니 포토북","price":90000,"description":"선택한 사진으로 작은 포토북을 제작해요."}]'::jsonb, 0);
insert into public.snap_packages (id, artist_id, name, description, price, duration_hours, outfit_count_minimum, outfit_count_maximum, scene_count, color_corrected_count, basic_retouched_count, selected_retouched_count, included_services, recommended_for, add_ons, sort_order) values ('between-studio-signature', 'between-studio', '웨이브', '의상과 장면을 나누어 제주에서의 하루를 가장 균형 있게 담아요.', 1220000, 4, 2, 3, 3, 1400, 21, 10, array['작가 1인 촬영', '색감 보정본 전체 제공', '인물 보정본 제공', '촬영 전 온라인 브리핑']::text[], array['본식 전 웨딩 스냅', '2~3벌 의상', '제주 대표 씬 조합']::text[], '[{"id":"film-signature","name":"필름 카메라 추가","price":120000,"description":"디지털 촬영과 별도로 필름 질감의 셀렉 컷을 더해요."},{"id":"album-signature","name":"미니 포토북","price":90000,"description":"선택한 사진으로 작은 포토북을 제작해요."}]'::jsonb, 1);
insert into public.snap_packages (id, artist_id, name, description, price, duration_hours, outfit_count_minimum, outfit_count_maximum, scene_count, color_corrected_count, basic_retouched_count, selected_retouched_count, included_services, recommended_for, add_ons, sort_order) values ('between-studio-day', 'between-studio', '호라이즌', '낮의 초록부터 노을까지, 여유 있게 여러 장면을 이어가는 촬영이에요.', 1680000, 5, 3, 4, 5, 2100, 34, 20, array['작가 1인 촬영', '색감 보정본 전체 제공', '인물 보정본 제공', '촬영 전 온라인 브리핑', '노을 또는 야간 씬 조율']::text[], array['여유 있는 제주 체류', '3~4벌 의상', '낮부터 노을까지']::text[], '[{"id":"film-day","name":"필름 카메라 추가","price":120000,"description":"디지털 촬영과 별도로 필름 질감의 셀렉 컷을 더해요."},{"id":"album-day","name":"미니 포토북","price":90000,"description":"선택한 사진으로 작은 포토북을 제작해요."}]'::jsonb, 2);
insert into public.snap_artists (id, studio_name, artist_name, introduction, profile_image_url, scenes, tones, keywords, package_summary, price_from, duration_hours, delivery_days, reservation_lead_days, sort_order) values ('breeze-film', '바람 필름', '민재', '해가 지기 전의 푸른 빛과 밤의 온도를 함께 담습니다.', '/images/profile/05.png', array['sea', 'sunset', 'forest']::text[], array['film', 'classic']::text[], array['블루아워', '필름', '야간']::text[], '2시간 촬영 · 색감 보정본 700장 · 인물 보정 13장', 930000, 2, 30, 30, 4);
insert into public.snap_packages (id, artist_id, name, description, price, duration_hours, outfit_count_minimum, outfit_count_maximum, scene_count, color_corrected_count, basic_retouched_count, selected_retouched_count, included_services, recommended_for, add_ons, sort_order) values ('breeze-film-light', 'breeze-film', '소프트', '한 가지 제주 씬에 집중해 가볍고 자연스럽게 남기는 촬영이에요.', 930000, 2, 1, 2, 1, 700, 8, 5, array['작가 1인 촬영', '색감 보정본 전체 제공', '촬영 전 온라인 브리핑']::text[], array['셀프웨딩', '짧은 제주 여행', '한 가지 씬 집중']::text[], '[{"id":"film-light","name":"필름 카메라 추가","price":80000,"description":"디지털 촬영과 별도로 필름 질감의 셀렉 컷을 더해요."},{"id":"drone-light","name":"드론 하이라이트","price":180000,"description":"제주 풍경을 넓게 담는 짧은 드론 하이라이트를 추가해요.","notice":"비행 가능 구역, 날씨, 풍속, 현장 허가 조건에 따라 진행 여부가 달라질 수 있어요."}]'::jsonb, 0);
insert into public.snap_packages (id, artist_id, name, description, price, duration_hours, outfit_count_minimum, outfit_count_maximum, scene_count, color_corrected_count, basic_retouched_count, selected_retouched_count, included_services, recommended_for, add_ons, sort_order) values ('breeze-film-signature', 'breeze-film', '무드', '의상과 장면을 나누어 제주에서의 하루를 가장 균형 있게 담아요.', 1320000, 3.5, 2, 3, 2, 1500, 15, 12, array['작가 1인 촬영', '색감 보정본 전체 제공', '인물 보정본 제공', '촬영 전 온라인 브리핑']::text[], array['본식 전 웨딩 스냅', '2~3벌 의상', '제주 대표 씬 조합']::text[], '[{"id":"film-signature","name":"필름 카메라 추가","price":120000,"description":"디지털 촬영과 별도로 필름 질감의 셀렉 컷을 더해요."},{"id":"drone-signature","name":"드론 하이라이트","price":180000,"description":"제주 풍경을 넓게 담는 짧은 드론 하이라이트를 추가해요.","notice":"비행 가능 구역, 날씨, 풍속, 현장 허가 조건에 따라 진행 여부가 달라질 수 있어요."}]'::jsonb, 1);
insert into public.snap_packages (id, artist_id, name, description, price, duration_hours, outfit_count_minimum, outfit_count_maximum, scene_count, color_corrected_count, basic_retouched_count, selected_retouched_count, included_services, recommended_for, add_ons, sort_order) values ('breeze-film-day', 'breeze-film', '아카이브', '낮의 초록부터 노을까지, 여유 있게 여러 장면을 이어가는 촬영이에요.', 1630000, 5.5, 3, 4, 4, 2200, 25, 23, array['작가 1인 촬영', '색감 보정본 전체 제공', '인물 보정본 제공', '촬영 전 온라인 브리핑', '노을 또는 야간 씬 조율']::text[], array['여유 있는 제주 체류', '3~4벌 의상', '낮부터 노을까지']::text[], '[{"id":"film-day","name":"필름 카메라 추가","price":120000,"description":"디지털 촬영과 별도로 필름 질감의 셀렉 컷을 더해요."},{"id":"drone-day","name":"드론 하이라이트","price":220000,"description":"제주 풍경을 넓게 담는 짧은 드론 하이라이트를 추가해요.","notice":"비행 가능 구역, 날씨, 풍속, 현장 허가 조건에 따라 진행 여부가 달라질 수 있어요."}]'::jsonb, 2);
insert into public.snap_artists (id, studio_name, artist_name, introduction, profile_image_url, scenes, tones, keywords, package_summary, price_from, duration_hours, delivery_days, reservation_lead_days, sort_order) values ('morning-oreum', '아침 오름', '유진', '이른 빛과 넓은 초원에서 자연스럽게 걷는 장면을 담아요.', '/images/profile/06.png', array['oreum', 'ranch', 'forest']::text[], array['natural', 'warm']::text[], array['아침빛', '오름', '산책']::text[], '2시간 촬영 · 색감 보정본 500장 · 인물 보정 15장', 1000000, 2, 18, 45, 5);
insert into public.snap_packages (id, artist_id, name, description, price, duration_hours, outfit_count_minimum, outfit_count_maximum, scene_count, color_corrected_count, basic_retouched_count, selected_retouched_count, included_services, recommended_for, add_ons, sort_order) values ('morning-oreum-light', 'morning-oreum', '라이트', '한 가지 제주 씬에 집중해 가볍고 자연스럽게 남기는 촬영이에요.', 1000000, 2, 1, 2, 1, 500, 10, 5, array['작가 1인 촬영', '색감 보정본 전체 제공', '촬영 전 온라인 브리핑']::text[], array['셀프웨딩', '짧은 제주 여행', '한 가지 씬 집중']::text[], '[{"id":"film-light","name":"필름 카메라 추가","price":80000,"description":"디지털 촬영과 별도로 필름 질감의 셀렉 컷을 더해요."},{"id":"night-light","name":"야간 조명 씬","price":100000,"description":"해가 진 뒤 조명 장비를 활용한 한 장면을 추가해요."}]'::jsonb, 0);
insert into public.snap_packages (id, artist_id, name, description, price, duration_hours, outfit_count_minimum, outfit_count_maximum, scene_count, color_corrected_count, basic_retouched_count, selected_retouched_count, included_services, recommended_for, add_ons, sort_order) values ('morning-oreum-signature', 'morning-oreum', '시그니처', '의상과 장면을 나누어 제주에서의 하루를 가장 균형 있게 담아요.', 1420000, 4, 2, 3, 3, 1100, 17, 14, array['작가 1인 촬영', '색감 보정본 전체 제공', '인물 보정본 제공', '촬영 전 온라인 브리핑']::text[], array['본식 전 웨딩 스냅', '2~3벌 의상', '제주 대표 씬 조합']::text[], '[{"id":"film-signature","name":"필름 카메라 추가","price":120000,"description":"디지털 촬영과 별도로 필름 질감의 셀렉 컷을 더해요."},{"id":"night-signature","name":"야간 조명 씬","price":100000,"description":"해가 진 뒤 조명 장비를 활용한 한 장면을 추가해요."}]'::jsonb, 1);
insert into public.snap_packages (id, artist_id, name, description, price, duration_hours, outfit_count_minimum, outfit_count_maximum, scene_count, color_corrected_count, basic_retouched_count, selected_retouched_count, included_services, recommended_for, add_ons, sort_order) values ('morning-oreum-day', 'morning-oreum', '제주 데이', '낮의 초록부터 노을까지, 여유 있게 여러 장면을 이어가는 촬영이에요.', 1740000, 5, 3, 4, 5, 1800, 28, 26, array['작가 1인 촬영', '색감 보정본 전체 제공', '인물 보정본 제공', '촬영 전 온라인 브리핑', '노을 또는 야간 씬 조율']::text[], array['여유 있는 제주 체류', '3~4벌 의상', '낮부터 노을까지']::text[], '[{"id":"film-day","name":"필름 카메라 추가","price":120000,"description":"디지털 촬영과 별도로 필름 질감의 셀렉 컷을 더해요."},{"id":"night-day","name":"야간 조명 씬","price":100000,"description":"해가 진 뒤 조명 장비를 활용한 한 장면을 추가해요."}]'::jsonb, 2);
insert into public.snap_artists (id, studio_name, artist_name, introduction, profile_image_url, scenes, tones, keywords, package_summary, price_from, duration_hours, delivery_days, reservation_lead_days, sort_order) values ('sand-letter', '모래 편지', '가은', '파도 소리와 부드러운 피부 톤이 남는 해안 촬영을 좋아해요.', '/images/profile/07.png', array['sea', 'sunset', 'ranch']::text[], array['warm', 'film']::text[], array['해안', '부드러운 색감', '스냅']::text[], '1.5시간 촬영 · 색감 보정본 550장 · 인물 보정 17장', 710000, 1.5, 21, 60, 6);
insert into public.snap_packages (id, artist_id, name, description, price, duration_hours, outfit_count_minimum, outfit_count_maximum, scene_count, color_corrected_count, basic_retouched_count, selected_retouched_count, included_services, recommended_for, add_ons, sort_order) values ('sand-letter-light', 'sand-letter', '원 씬', '한 가지 제주 씬에 집중해 가볍고 자연스럽게 남기는 촬영이에요.', 710000, 1.5, 1, 2, 1, 550, 12, 5, array['작가 1인 촬영', '색감 보정본 전체 제공', '촬영 전 온라인 브리핑']::text[], array['셀프웨딩', '짧은 제주 여행', '한 가지 씬 집중']::text[], '[{"id":"film-light","name":"필름 카메라 추가","price":80000,"description":"디지털 촬영과 별도로 필름 질감의 셀렉 컷을 더해요."},{"id":"reels-light","name":"세로 릴스 스케치","price":130000,"description":"촬영 중 주요 순간을 세로 영상으로 짧게 기록해요."}]'::jsonb, 0);
insert into public.snap_packages (id, artist_id, name, description, price, duration_hours, outfit_count_minimum, outfit_count_maximum, scene_count, color_corrected_count, basic_retouched_count, selected_retouched_count, included_services, recommended_for, add_ons, sort_order) values ('sand-letter-signature', 'sand-letter', '투 씬', '의상과 장면을 나누어 제주에서의 하루를 가장 균형 있게 담아요.', 1070000, 3.5, 2, 3, 2, 1200, 19, 10, array['작가 1인 촬영', '색감 보정본 전체 제공', '인물 보정본 제공', '촬영 전 온라인 브리핑']::text[], array['본식 전 웨딩 스냅', '2~3벌 의상', '제주 대표 씬 조합']::text[], '[{"id":"film-signature","name":"필름 카메라 추가","price":120000,"description":"디지털 촬영과 별도로 필름 질감의 셀렉 컷을 더해요."},{"id":"reels-signature","name":"세로 릴스 스케치","price":130000,"description":"촬영 중 주요 순간을 세로 영상으로 짧게 기록해요."}]'::jsonb, 1);
insert into public.snap_packages (id, artist_id, name, description, price, duration_hours, outfit_count_minimum, outfit_count_maximum, scene_count, color_corrected_count, basic_retouched_count, selected_retouched_count, included_services, recommended_for, add_ons, sort_order) values ('sand-letter-day', 'sand-letter', '올데이', '낮의 초록부터 노을까지, 여유 있게 여러 장면을 이어가는 촬영이에요.', 1490000, 5, 3, 4, 4, 1900, 31, 20, array['작가 1인 촬영', '색감 보정본 전체 제공', '인물 보정본 제공', '촬영 전 온라인 브리핑', '노을 또는 야간 씬 조율']::text[], array['여유 있는 제주 체류', '3~4벌 의상', '낮부터 노을까지']::text[], '[{"id":"film-day","name":"필름 카메라 추가","price":120000,"description":"디지털 촬영과 별도로 필름 질감의 셀렉 컷을 더해요."},{"id":"reels-day","name":"세로 릴스 스케치","price":130000,"description":"촬영 중 주요 순간을 세로 영상으로 짧게 기록해요."}]'::jsonb, 2);
insert into public.snap_artists (id, studio_name, artist_name, introduction, profile_image_url, scenes, tones, keywords, package_summary, price_from, duration_hours, delivery_days, reservation_lead_days, sort_order) values ('hue-studio', '휴 스튜디오', '수빈', '과한 연출 없이도 또렷하게 남는 클래식한 장면을 만들어요.', '/images/profile/08.png', array['stone-wall', 'forest', 'sea']::text[], array['classic', 'natural']::text[], array['정갈한 포즈', '제주 마을', '인물 중심']::text[], '2시간 촬영 · 색감 보정본 600장 · 인물 보정 19장', 780000, 2, 24, 75, 7);
insert into public.snap_packages (id, artist_id, name, description, price, duration_hours, outfit_count_minimum, outfit_count_maximum, scene_count, color_corrected_count, basic_retouched_count, selected_retouched_count, included_services, recommended_for, add_ons, sort_order) values ('hue-studio-light', 'hue-studio', '퍼스트 컷', '한 가지 제주 씬에 집중해 가볍고 자연스럽게 남기는 촬영이에요.', 780000, 2, 1, 2, 1, 600, 14, 5, array['작가 1인 촬영', '색감 보정본 전체 제공', '촬영 전 온라인 브리핑']::text[], array['셀프웨딩', '짧은 제주 여행', '한 가지 씬 집중']::text[], '[{"id":"film-light","name":"필름 카메라 추가","price":80000,"description":"디지털 촬영과 별도로 필름 질감의 셀렉 컷을 더해요."},{"id":"album-light","name":"미니 포토북","price":90000,"description":"선택한 사진으로 작은 포토북을 제작해요."}]'::jsonb, 0);
insert into public.snap_packages (id, artist_id, name, description, price, duration_hours, outfit_count_minimum, outfit_count_maximum, scene_count, color_corrected_count, basic_retouched_count, selected_retouched_count, included_services, recommended_for, add_ons, sort_order) values ('hue-studio-signature', 'hue-studio', '스토리 컷', '의상과 장면을 나누어 제주에서의 하루를 가장 균형 있게 담아요.', 1170000, 4, 2, 3, 3, 1300, 21, 12, array['작가 1인 촬영', '색감 보정본 전체 제공', '인물 보정본 제공', '촬영 전 온라인 브리핑']::text[], array['본식 전 웨딩 스냅', '2~3벌 의상', '제주 대표 씬 조합']::text[], '[{"id":"film-signature","name":"필름 카메라 추가","price":120000,"description":"디지털 촬영과 별도로 필름 질감의 셀렉 컷을 더해요."},{"id":"album-signature","name":"미니 포토북","price":90000,"description":"선택한 사진으로 작은 포토북을 제작해요."}]'::jsonb, 1);
insert into public.snap_packages (id, artist_id, name, description, price, duration_hours, outfit_count_minimum, outfit_count_maximum, scene_count, color_corrected_count, basic_retouched_count, selected_retouched_count, included_services, recommended_for, add_ons, sort_order) values ('hue-studio-day', 'hue-studio', '롱 스테이', '낮의 초록부터 노을까지, 여유 있게 여러 장면을 이어가는 촬영이에요.', 1600000, 5.5, 3, 4, 5, 2000, 34, 23, array['작가 1인 촬영', '색감 보정본 전체 제공', '인물 보정본 제공', '촬영 전 온라인 브리핑', '노을 또는 야간 씬 조율']::text[], array['여유 있는 제주 체류', '3~4벌 의상', '낮부터 노을까지']::text[], '[{"id":"film-day","name":"필름 카메라 추가","price":120000,"description":"디지털 촬영과 별도로 필름 질감의 셀렉 컷을 더해요."},{"id":"album-day","name":"미니 포토북","price":90000,"description":"선택한 사진으로 작은 포토북을 제작해요."}]'::jsonb, 2);
insert into public.snap_artists (id, studio_name, artist_name, introduction, profile_image_url, scenes, tones, keywords, package_summary, price_from, duration_hours, delivery_days, reservation_lead_days, sort_order) values ('green-hour', '그린 아워', '시온', '바람이 많은 날도 즐겁게 움직일 수 있는 촬영을 제안합니다.', '/images/profile/09.png', array['ranch', 'oreum', 'sunset']::text[], array['warm', 'natural']::text[], array['움직임', '목장', '밝은 톤']::text[], '2시간 촬영 · 색감 보정본 650장 · 인물 보정 13장', 850000, 2, 27, 30, 8);
insert into public.snap_packages (id, artist_id, name, description, price, duration_hours, outfit_count_minimum, outfit_count_maximum, scene_count, color_corrected_count, basic_retouched_count, selected_retouched_count, included_services, recommended_for, add_ons, sort_order) values ('green-hour-light', 'green-hour', '브리즈', '한 가지 제주 씬에 집중해 가볍고 자연스럽게 남기는 촬영이에요.', 850000, 2, 1, 2, 1, 650, 8, 5, array['작가 1인 촬영', '색감 보정본 전체 제공', '촬영 전 온라인 브리핑']::text[], array['셀프웨딩', '짧은 제주 여행', '한 가지 씬 집중']::text[], '[{"id":"film-light","name":"필름 카메라 추가","price":80000,"description":"디지털 촬영과 별도로 필름 질감의 셀렉 컷을 더해요."},{"id":"drone-light","name":"드론 하이라이트","price":180000,"description":"제주 풍경을 넓게 담는 짧은 드론 하이라이트를 추가해요.","notice":"비행 가능 구역, 날씨, 풍속, 현장 허가 조건에 따라 진행 여부가 달라질 수 있어요."}]'::jsonb, 0);
insert into public.snap_packages (id, artist_id, name, description, price, duration_hours, outfit_count_minimum, outfit_count_maximum, scene_count, color_corrected_count, basic_retouched_count, selected_retouched_count, included_services, recommended_for, add_ons, sort_order) values ('green-hour-signature', 'green-hour', '웨이브', '의상과 장면을 나누어 제주에서의 하루를 가장 균형 있게 담아요.', 1270000, 3.5, 2, 3, 2, 1400, 15, 14, array['작가 1인 촬영', '색감 보정본 전체 제공', '인물 보정본 제공', '촬영 전 온라인 브리핑']::text[], array['본식 전 웨딩 스냅', '2~3벌 의상', '제주 대표 씬 조합']::text[], '[{"id":"film-signature","name":"필름 카메라 추가","price":120000,"description":"디지털 촬영과 별도로 필름 질감의 셀렉 컷을 더해요."},{"id":"drone-signature","name":"드론 하이라이트","price":180000,"description":"제주 풍경을 넓게 담는 짧은 드론 하이라이트를 추가해요.","notice":"비행 가능 구역, 날씨, 풍속, 현장 허가 조건에 따라 진행 여부가 달라질 수 있어요."}]'::jsonb, 1);
insert into public.snap_packages (id, artist_id, name, description, price, duration_hours, outfit_count_minimum, outfit_count_maximum, scene_count, color_corrected_count, basic_retouched_count, selected_retouched_count, included_services, recommended_for, add_ons, sort_order) values ('green-hour-day', 'green-hour', '호라이즌', '낮의 초록부터 노을까지, 여유 있게 여러 장면을 이어가는 촬영이에요.', 1550000, 5, 3, 4, 4, 2100, 25, 26, array['작가 1인 촬영', '색감 보정본 전체 제공', '인물 보정본 제공', '촬영 전 온라인 브리핑', '노을 또는 야간 씬 조율']::text[], array['여유 있는 제주 체류', '3~4벌 의상', '낮부터 노을까지']::text[], '[{"id":"film-day","name":"필름 카메라 추가","price":120000,"description":"디지털 촬영과 별도로 필름 질감의 셀렉 컷을 더해요."},{"id":"drone-day","name":"드론 하이라이트","price":220000,"description":"제주 풍경을 넓게 담는 짧은 드론 하이라이트를 추가해요.","notice":"비행 가능 구역, 날씨, 풍속, 현장 허가 조건에 따라 진행 여부가 달라질 수 있어요."}]'::jsonb, 2);
insert into public.snap_artists (id, studio_name, artist_name, introduction, profile_image_url, scenes, tones, keywords, package_summary, price_from, duration_hours, delivery_days, reservation_lead_days, sort_order) values ('blue-room', '블루 룸', '이든', '해가 지고 난 뒤의 푸른 시간까지 차분하게 기록합니다.', '/images/profile/10.png', array['sea', 'sunset', 'stone-wall']::text[], array['film', 'classic']::text[], array['블루아워', '야간', '무드']::text[], '1.5시간 촬영 · 색감 보정본 700장 · 인물 보정 15장', 920000, 1.5, 30, 45, 9);
insert into public.snap_packages (id, artist_id, name, description, price, duration_hours, outfit_count_minimum, outfit_count_maximum, scene_count, color_corrected_count, basic_retouched_count, selected_retouched_count, included_services, recommended_for, add_ons, sort_order) values ('blue-room-light', 'blue-room', '소프트', '한 가지 제주 씬에 집중해 가볍고 자연스럽게 남기는 촬영이에요.', 920000, 1.5, 1, 2, 1, 700, 10, 5, array['작가 1인 촬영', '색감 보정본 전체 제공', '촬영 전 온라인 브리핑']::text[], array['셀프웨딩', '짧은 제주 여행', '한 가지 씬 집중']::text[], '[{"id":"film-light","name":"필름 카메라 추가","price":80000,"description":"디지털 촬영과 별도로 필름 질감의 셀렉 컷을 더해요."},{"id":"night-light","name":"야간 조명 씬","price":100000,"description":"해가 진 뒤 조명 장비를 활용한 한 장면을 추가해요."}]'::jsonb, 0);
insert into public.snap_packages (id, artist_id, name, description, price, duration_hours, outfit_count_minimum, outfit_count_maximum, scene_count, color_corrected_count, basic_retouched_count, selected_retouched_count, included_services, recommended_for, add_ons, sort_order) values ('blue-room-signature', 'blue-room', '무드', '의상과 장면을 나누어 제주에서의 하루를 가장 균형 있게 담아요.', 1280000, 4, 2, 3, 3, 1500, 17, 10, array['작가 1인 촬영', '색감 보정본 전체 제공', '인물 보정본 제공', '촬영 전 온라인 브리핑']::text[], array['본식 전 웨딩 스냅', '2~3벌 의상', '제주 대표 씬 조합']::text[], '[{"id":"film-signature","name":"필름 카메라 추가","price":120000,"description":"디지털 촬영과 별도로 필름 질감의 셀렉 컷을 더해요."},{"id":"night-signature","name":"야간 조명 씬","price":100000,"description":"해가 진 뒤 조명 장비를 활용한 한 장면을 추가해요."}]'::jsonb, 1);
insert into public.snap_packages (id, artist_id, name, description, price, duration_hours, outfit_count_minimum, outfit_count_maximum, scene_count, color_corrected_count, basic_retouched_count, selected_retouched_count, included_services, recommended_for, add_ons, sort_order) values ('blue-room-day', 'blue-room', '아카이브', '낮의 초록부터 노을까지, 여유 있게 여러 장면을 이어가는 촬영이에요.', 1660000, 5, 3, 4, 5, 2200, 28, 20, array['작가 1인 촬영', '색감 보정본 전체 제공', '인물 보정본 제공', '촬영 전 온라인 브리핑', '노을 또는 야간 씬 조율']::text[], array['여유 있는 제주 체류', '3~4벌 의상', '낮부터 노을까지']::text[], '[{"id":"film-day","name":"필름 카메라 추가","price":120000,"description":"디지털 촬영과 별도로 필름 질감의 셀렉 컷을 더해요."},{"id":"night-day","name":"야간 조명 씬","price":100000,"description":"해가 진 뒤 조명 장비를 활용한 한 장면을 추가해요."}]'::jsonb, 2);
insert into public.snap_artists (id, studio_name, artist_name, introduction, profile_image_url, scenes, tones, keywords, package_summary, price_from, duration_hours, delivery_days, reservation_lead_days, sort_order) values ('jeju-frame', '제주 프레임', '채원', '제주의 돌과 초록, 두 사람의 표정을 균형 있게 담아냅니다.', '/images/profile/11.png', array['stone-wall', 'oreum', 'forest']::text[], array['classic', 'warm']::text[], array['돌담', '풍경', '단정함']::text[], '2시간 촬영 · 색감 보정본 500장 · 인물 보정 17장', 990000, 2, 18, 60, 10);
insert into public.snap_packages (id, artist_id, name, description, price, duration_hours, outfit_count_minimum, outfit_count_maximum, scene_count, color_corrected_count, basic_retouched_count, selected_retouched_count, included_services, recommended_for, add_ons, sort_order) values ('jeju-frame-light', 'jeju-frame', '라이트', '한 가지 제주 씬에 집중해 가볍고 자연스럽게 남기는 촬영이에요.', 990000, 2, 1, 2, 1, 500, 12, 5, array['작가 1인 촬영', '색감 보정본 전체 제공', '촬영 전 온라인 브리핑']::text[], array['셀프웨딩', '짧은 제주 여행', '한 가지 씬 집중']::text[], '[{"id":"film-light","name":"필름 카메라 추가","price":80000,"description":"디지털 촬영과 별도로 필름 질감의 셀렉 컷을 더해요."},{"id":"reels-light","name":"세로 릴스 스케치","price":130000,"description":"촬영 중 주요 순간을 세로 영상으로 짧게 기록해요."}]'::jsonb, 0);
insert into public.snap_packages (id, artist_id, name, description, price, duration_hours, outfit_count_minimum, outfit_count_maximum, scene_count, color_corrected_count, basic_retouched_count, selected_retouched_count, included_services, recommended_for, add_ons, sort_order) values ('jeju-frame-signature', 'jeju-frame', '시그니처', '의상과 장면을 나누어 제주에서의 하루를 가장 균형 있게 담아요.', 1380000, 3.5, 2, 3, 2, 1100, 19, 12, array['작가 1인 촬영', '색감 보정본 전체 제공', '인물 보정본 제공', '촬영 전 온라인 브리핑']::text[], array['본식 전 웨딩 스냅', '2~3벌 의상', '제주 대표 씬 조합']::text[], '[{"id":"film-signature","name":"필름 카메라 추가","price":120000,"description":"디지털 촬영과 별도로 필름 질감의 셀렉 컷을 더해요."},{"id":"reels-signature","name":"세로 릴스 스케치","price":130000,"description":"촬영 중 주요 순간을 세로 영상으로 짧게 기록해요."}]'::jsonb, 1);
insert into public.snap_packages (id, artist_id, name, description, price, duration_hours, outfit_count_minimum, outfit_count_maximum, scene_count, color_corrected_count, basic_retouched_count, selected_retouched_count, included_services, recommended_for, add_ons, sort_order) values ('jeju-frame-day', 'jeju-frame', '제주 데이', '낮의 초록부터 노을까지, 여유 있게 여러 장면을 이어가는 촬영이에요.', 1770000, 5.5, 3, 4, 4, 1800, 31, 23, array['작가 1인 촬영', '색감 보정본 전체 제공', '인물 보정본 제공', '촬영 전 온라인 브리핑', '노을 또는 야간 씬 조율']::text[], array['여유 있는 제주 체류', '3~4벌 의상', '낮부터 노을까지']::text[], '[{"id":"film-day","name":"필름 카메라 추가","price":120000,"description":"디지털 촬영과 별도로 필름 질감의 셀렉 컷을 더해요."},{"id":"reels-day","name":"세로 릴스 스케치","price":130000,"description":"촬영 중 주요 순간을 세로 영상으로 짧게 기록해요."}]'::jsonb, 2);
insert into public.snap_artists (id, studio_name, artist_name, introduction, profile_image_url, scenes, tones, keywords, package_summary, price_from, duration_hours, delivery_days, reservation_lead_days, sort_order) values ('slow-moment', '슬로우 모먼트', '나율', '조용한 숲길과 느린 호흡으로 두 사람만의 장면을 찾습니다.', '/images/profile/12.png', array['forest', 'stone-wall', 'oreum']::text[], array['film', 'natural']::text[], array['숲길', '감정선', '필름']::text[], '2시간 촬영 · 색감 보정본 550장 · 인물 보정 19장', 1060000, 2, 21, 75, 11);
insert into public.snap_packages (id, artist_id, name, description, price, duration_hours, outfit_count_minimum, outfit_count_maximum, scene_count, color_corrected_count, basic_retouched_count, selected_retouched_count, included_services, recommended_for, add_ons, sort_order) values ('slow-moment-light', 'slow-moment', '원 씬', '한 가지 제주 씬에 집중해 가볍고 자연스럽게 남기는 촬영이에요.', 1060000, 2, 1, 2, 1, 550, 14, 5, array['작가 1인 촬영', '색감 보정본 전체 제공', '촬영 전 온라인 브리핑']::text[], array['셀프웨딩', '짧은 제주 여행', '한 가지 씬 집중']::text[], '[{"id":"film-light","name":"필름 카메라 추가","price":80000,"description":"디지털 촬영과 별도로 필름 질감의 셀렉 컷을 더해요."},{"id":"album-light","name":"미니 포토북","price":90000,"description":"선택한 사진으로 작은 포토북을 제작해요."}]'::jsonb, 0);
insert into public.snap_packages (id, artist_id, name, description, price, duration_hours, outfit_count_minimum, outfit_count_maximum, scene_count, color_corrected_count, basic_retouched_count, selected_retouched_count, included_services, recommended_for, add_ons, sort_order) values ('slow-moment-signature', 'slow-moment', '투 씬', '의상과 장면을 나누어 제주에서의 하루를 가장 균형 있게 담아요.', 1480000, 4, 2, 3, 3, 1200, 21, 14, array['작가 1인 촬영', '색감 보정본 전체 제공', '인물 보정본 제공', '촬영 전 온라인 브리핑']::text[], array['본식 전 웨딩 스냅', '2~3벌 의상', '제주 대표 씬 조합']::text[], '[{"id":"film-signature","name":"필름 카메라 추가","price":120000,"description":"디지털 촬영과 별도로 필름 질감의 셀렉 컷을 더해요."},{"id":"album-signature","name":"미니 포토북","price":90000,"description":"선택한 사진으로 작은 포토북을 제작해요."}]'::jsonb, 1);
insert into public.snap_packages (id, artist_id, name, description, price, duration_hours, outfit_count_minimum, outfit_count_maximum, scene_count, color_corrected_count, basic_retouched_count, selected_retouched_count, included_services, recommended_for, add_ons, sort_order) values ('slow-moment-day', 'slow-moment', '올데이', '낮의 초록부터 노을까지, 여유 있게 여러 장면을 이어가는 촬영이에요.', 1880000, 5, 3, 4, 5, 1900, 34, 26, array['작가 1인 촬영', '색감 보정본 전체 제공', '인물 보정본 제공', '촬영 전 온라인 브리핑', '노을 또는 야간 씬 조율']::text[], array['여유 있는 제주 체류', '3~4벌 의상', '낮부터 노을까지']::text[], '[{"id":"film-day","name":"필름 카메라 추가","price":120000,"description":"디지털 촬영과 별도로 필름 질감의 셀렉 컷을 더해요."},{"id":"album-day","name":"미니 포토북","price":90000,"description":"선택한 사진으로 작은 포토북을 제작해요."}]'::jsonb, 2);
insert into public.snap_artists (id, studio_name, artist_name, introduction, profile_image_url, scenes, tones, keywords, package_summary, price_from, duration_hours, delivery_days, reservation_lead_days, sort_order) values ('sunny-side', '써니사이드', '태오', '햇살과 웃음이 많은 커플에게 어울리는 밝은 제주 스냅이에요.', '/images/profile/13.png', array['ranch', 'sea', 'oreum']::text[], array['warm', 'natural']::text[], array['햇살', '웃음', '경쾌함']::text[], '1.5시간 촬영 · 색감 보정본 600장 · 인물 보정 13장', 770000, 1.5, 24, 30, 12);
insert into public.snap_packages (id, artist_id, name, description, price, duration_hours, outfit_count_minimum, outfit_count_maximum, scene_count, color_corrected_count, basic_retouched_count, selected_retouched_count, included_services, recommended_for, add_ons, sort_order) values ('sunny-side-light', 'sunny-side', '퍼스트 컷', '한 가지 제주 씬에 집중해 가볍고 자연스럽게 남기는 촬영이에요.', 770000, 1.5, 1, 2, 1, 600, 8, 5, array['작가 1인 촬영', '색감 보정본 전체 제공', '촬영 전 온라인 브리핑']::text[], array['셀프웨딩', '짧은 제주 여행', '한 가지 씬 집중']::text[], '[{"id":"film-light","name":"필름 카메라 추가","price":80000,"description":"디지털 촬영과 별도로 필름 질감의 셀렉 컷을 더해요."},{"id":"drone-light","name":"드론 하이라이트","price":180000,"description":"제주 풍경을 넓게 담는 짧은 드론 하이라이트를 추가해요.","notice":"비행 가능 구역, 날씨, 풍속, 현장 허가 조건에 따라 진행 여부가 달라질 수 있어요."}]'::jsonb, 0);
insert into public.snap_packages (id, artist_id, name, description, price, duration_hours, outfit_count_minimum, outfit_count_maximum, scene_count, color_corrected_count, basic_retouched_count, selected_retouched_count, included_services, recommended_for, add_ons, sort_order) values ('sunny-side-signature', 'sunny-side', '스토리 컷', '의상과 장면을 나누어 제주에서의 하루를 가장 균형 있게 담아요.', 1130000, 3.5, 2, 3, 2, 1300, 15, 10, array['작가 1인 촬영', '색감 보정본 전체 제공', '인물 보정본 제공', '촬영 전 온라인 브리핑']::text[], array['본식 전 웨딩 스냅', '2~3벌 의상', '제주 대표 씬 조합']::text[], '[{"id":"film-signature","name":"필름 카메라 추가","price":120000,"description":"디지털 촬영과 별도로 필름 질감의 셀렉 컷을 더해요."},{"id":"drone-signature","name":"드론 하이라이트","price":180000,"description":"제주 풍경을 넓게 담는 짧은 드론 하이라이트를 추가해요.","notice":"비행 가능 구역, 날씨, 풍속, 현장 허가 조건에 따라 진행 여부가 달라질 수 있어요."}]'::jsonb, 1);
insert into public.snap_packages (id, artist_id, name, description, price, duration_hours, outfit_count_minimum, outfit_count_maximum, scene_count, color_corrected_count, basic_retouched_count, selected_retouched_count, included_services, recommended_for, add_ons, sort_order) values ('sunny-side-day', 'sunny-side', '롱 스테이', '낮의 초록부터 노을까지, 여유 있게 여러 장면을 이어가는 촬영이에요.', 1470000, 5, 3, 4, 4, 2000, 25, 20, array['작가 1인 촬영', '색감 보정본 전체 제공', '인물 보정본 제공', '촬영 전 온라인 브리핑', '노을 또는 야간 씬 조율']::text[], array['여유 있는 제주 체류', '3~4벌 의상', '낮부터 노을까지']::text[], '[{"id":"film-day","name":"필름 카메라 추가","price":120000,"description":"디지털 촬영과 별도로 필름 질감의 셀렉 컷을 더해요."},{"id":"drone-day","name":"드론 하이라이트","price":220000,"description":"제주 풍경을 넓게 담는 짧은 드론 하이라이트를 추가해요.","notice":"비행 가능 구역, 날씨, 풍속, 현장 허가 조건에 따라 진행 여부가 달라질 수 있어요."}]'::jsonb, 2);
insert into public.snap_artists (id, studio_name, artist_name, introduction, profile_image_url, scenes, tones, keywords, package_summary, price_from, duration_hours, delivery_days, reservation_lead_days, sort_order) values ('still-jeju', '스틸 제주', '로아', '풍경 속 여백과 인물의 시선이 만나는 사진을 추구합니다.', '/images/profile/14.png', array['sea', 'stone-wall', 'sunset']::text[], array['classic', 'film']::text[], array['여백', '시선', '고요함']::text[], '2시간 촬영 · 색감 보정본 650장 · 인물 보정 15장', 840000, 2, 27, 45, 13);
insert into public.snap_packages (id, artist_id, name, description, price, duration_hours, outfit_count_minimum, outfit_count_maximum, scene_count, color_corrected_count, basic_retouched_count, selected_retouched_count, included_services, recommended_for, add_ons, sort_order) values ('still-jeju-light', 'still-jeju', '브리즈', '한 가지 제주 씬에 집중해 가볍고 자연스럽게 남기는 촬영이에요.', 840000, 2, 1, 2, 1, 650, 10, 5, array['작가 1인 촬영', '색감 보정본 전체 제공', '촬영 전 온라인 브리핑']::text[], array['셀프웨딩', '짧은 제주 여행', '한 가지 씬 집중']::text[], '[{"id":"film-light","name":"필름 카메라 추가","price":80000,"description":"디지털 촬영과 별도로 필름 질감의 셀렉 컷을 더해요."},{"id":"night-light","name":"야간 조명 씬","price":100000,"description":"해가 진 뒤 조명 장비를 활용한 한 장면을 추가해요."}]'::jsonb, 0);
insert into public.snap_packages (id, artist_id, name, description, price, duration_hours, outfit_count_minimum, outfit_count_maximum, scene_count, color_corrected_count, basic_retouched_count, selected_retouched_count, included_services, recommended_for, add_ons, sort_order) values ('still-jeju-signature', 'still-jeju', '웨이브', '의상과 장면을 나누어 제주에서의 하루를 가장 균형 있게 담아요.', 1230000, 4, 2, 3, 3, 1400, 17, 12, array['작가 1인 촬영', '색감 보정본 전체 제공', '인물 보정본 제공', '촬영 전 온라인 브리핑']::text[], array['본식 전 웨딩 스냅', '2~3벌 의상', '제주 대표 씬 조합']::text[], '[{"id":"film-signature","name":"필름 카메라 추가","price":120000,"description":"디지털 촬영과 별도로 필름 질감의 셀렉 컷을 더해요."},{"id":"night-signature","name":"야간 조명 씬","price":100000,"description":"해가 진 뒤 조명 장비를 활용한 한 장면을 추가해요."}]'::jsonb, 1);
insert into public.snap_packages (id, artist_id, name, description, price, duration_hours, outfit_count_minimum, outfit_count_maximum, scene_count, color_corrected_count, basic_retouched_count, selected_retouched_count, included_services, recommended_for, add_ons, sort_order) values ('still-jeju-day', 'still-jeju', '호라이즌', '낮의 초록부터 노을까지, 여유 있게 여러 장면을 이어가는 촬영이에요.', 1580000, 5.5, 3, 4, 5, 2100, 28, 23, array['작가 1인 촬영', '색감 보정본 전체 제공', '인물 보정본 제공', '촬영 전 온라인 브리핑', '노을 또는 야간 씬 조율']::text[], array['여유 있는 제주 체류', '3~4벌 의상', '낮부터 노을까지']::text[], '[{"id":"film-day","name":"필름 카메라 추가","price":120000,"description":"디지털 촬영과 별도로 필름 질감의 셀렉 컷을 더해요."},{"id":"night-day","name":"야간 조명 씬","price":100000,"description":"해가 진 뒤 조명 장비를 활용한 한 장면을 추가해요."}]'::jsonb, 2);
insert into public.snap_artists (id, studio_name, artist_name, introduction, profile_image_url, scenes, tones, keywords, package_summary, price_from, duration_hours, delivery_days, reservation_lead_days, sort_order) values ('little-wave', '리틀 웨이브', '은재', '파도처럼 자연스럽고 가벼운 리듬으로 촬영을 이끌어요.', '/images/profile/15.png', array['sea', 'ranch', 'sunset']::text[], array['natural', 'warm']::text[], array['가벼운 포즈', '해변', '리듬']::text[], '2시간 촬영 · 색감 보정본 700장 · 인물 보정 17장', 910000, 2, 30, 60, 14);
insert into public.snap_packages (id, artist_id, name, description, price, duration_hours, outfit_count_minimum, outfit_count_maximum, scene_count, color_corrected_count, basic_retouched_count, selected_retouched_count, included_services, recommended_for, add_ons, sort_order) values ('little-wave-light', 'little-wave', '소프트', '한 가지 제주 씬에 집중해 가볍고 자연스럽게 남기는 촬영이에요.', 910000, 2, 1, 2, 1, 700, 12, 5, array['작가 1인 촬영', '색감 보정본 전체 제공', '촬영 전 온라인 브리핑']::text[], array['셀프웨딩', '짧은 제주 여행', '한 가지 씬 집중']::text[], '[{"id":"film-light","name":"필름 카메라 추가","price":80000,"description":"디지털 촬영과 별도로 필름 질감의 셀렉 컷을 더해요."},{"id":"reels-light","name":"세로 릴스 스케치","price":130000,"description":"촬영 중 주요 순간을 세로 영상으로 짧게 기록해요."}]'::jsonb, 0);
insert into public.snap_packages (id, artist_id, name, description, price, duration_hours, outfit_count_minimum, outfit_count_maximum, scene_count, color_corrected_count, basic_retouched_count, selected_retouched_count, included_services, recommended_for, add_ons, sort_order) values ('little-wave-signature', 'little-wave', '무드', '의상과 장면을 나누어 제주에서의 하루를 가장 균형 있게 담아요.', 1330000, 3.5, 2, 3, 2, 1500, 19, 14, array['작가 1인 촬영', '색감 보정본 전체 제공', '인물 보정본 제공', '촬영 전 온라인 브리핑']::text[], array['본식 전 웨딩 스냅', '2~3벌 의상', '제주 대표 씬 조합']::text[], '[{"id":"film-signature","name":"필름 카메라 추가","price":120000,"description":"디지털 촬영과 별도로 필름 질감의 셀렉 컷을 더해요."},{"id":"reels-signature","name":"세로 릴스 스케치","price":130000,"description":"촬영 중 주요 순간을 세로 영상으로 짧게 기록해요."}]'::jsonb, 1);
insert into public.snap_packages (id, artist_id, name, description, price, duration_hours, outfit_count_minimum, outfit_count_maximum, scene_count, color_corrected_count, basic_retouched_count, selected_retouched_count, included_services, recommended_for, add_ons, sort_order) values ('little-wave-day', 'little-wave', '아카이브', '낮의 초록부터 노을까지, 여유 있게 여러 장면을 이어가는 촬영이에요.', 1690000, 5, 3, 4, 4, 2200, 31, 26, array['작가 1인 촬영', '색감 보정본 전체 제공', '인물 보정본 제공', '촬영 전 온라인 브리핑', '노을 또는 야간 씬 조율']::text[], array['여유 있는 제주 체류', '3~4벌 의상', '낮부터 노을까지']::text[], '[{"id":"film-day","name":"필름 카메라 추가","price":120000,"description":"디지털 촬영과 별도로 필름 질감의 셀렉 컷을 더해요."},{"id":"reels-day","name":"세로 릴스 스케치","price":130000,"description":"촬영 중 주요 순간을 세로 영상으로 짧게 기록해요."}]'::jsonb, 2);
insert into public.snap_artists (id, studio_name, artist_name, introduction, profile_image_url, scenes, tones, keywords, package_summary, price_from, duration_hours, delivery_days, reservation_lead_days, sort_order) values ('season-note', '시즌 노트', '다희', '계절마다 다른 제주 빛을 세심하게 관찰해 사진으로 남겨요.', '/images/profile/16.png', array['forest', 'oreum', 'sunset']::text[], array['warm', 'classic']::text[], array['계절감', '빛', '차분한 연출']::text[], '1.5시간 촬영 · 색감 보정본 500장 · 인물 보정 19장', 980000, 1.5, 18, 75, 15);
insert into public.snap_packages (id, artist_id, name, description, price, duration_hours, outfit_count_minimum, outfit_count_maximum, scene_count, color_corrected_count, basic_retouched_count, selected_retouched_count, included_services, recommended_for, add_ons, sort_order) values ('season-note-light', 'season-note', '라이트', '한 가지 제주 씬에 집중해 가볍고 자연스럽게 남기는 촬영이에요.', 980000, 1.5, 1, 2, 1, 500, 14, 5, array['작가 1인 촬영', '색감 보정본 전체 제공', '촬영 전 온라인 브리핑']::text[], array['셀프웨딩', '짧은 제주 여행', '한 가지 씬 집중']::text[], '[{"id":"film-light","name":"필름 카메라 추가","price":80000,"description":"디지털 촬영과 별도로 필름 질감의 셀렉 컷을 더해요."},{"id":"album-light","name":"미니 포토북","price":90000,"description":"선택한 사진으로 작은 포토북을 제작해요."}]'::jsonb, 0);
insert into public.snap_packages (id, artist_id, name, description, price, duration_hours, outfit_count_minimum, outfit_count_maximum, scene_count, color_corrected_count, basic_retouched_count, selected_retouched_count, included_services, recommended_for, add_ons, sort_order) values ('season-note-signature', 'season-note', '시그니처', '의상과 장면을 나누어 제주에서의 하루를 가장 균형 있게 담아요.', 1340000, 4, 2, 3, 3, 1100, 21, 10, array['작가 1인 촬영', '색감 보정본 전체 제공', '인물 보정본 제공', '촬영 전 온라인 브리핑']::text[], array['본식 전 웨딩 스냅', '2~3벌 의상', '제주 대표 씬 조합']::text[], '[{"id":"film-signature","name":"필름 카메라 추가","price":120000,"description":"디지털 촬영과 별도로 필름 질감의 셀렉 컷을 더해요."},{"id":"album-signature","name":"미니 포토북","price":90000,"description":"선택한 사진으로 작은 포토북을 제작해요."}]'::jsonb, 1);
insert into public.snap_packages (id, artist_id, name, description, price, duration_hours, outfit_count_minimum, outfit_count_maximum, scene_count, color_corrected_count, basic_retouched_count, selected_retouched_count, included_services, recommended_for, add_ons, sort_order) values ('season-note-day', 'season-note', '제주 데이', '낮의 초록부터 노을까지, 여유 있게 여러 장면을 이어가는 촬영이에요.', 1800000, 5, 3, 4, 5, 1800, 34, 20, array['작가 1인 촬영', '색감 보정본 전체 제공', '인물 보정본 제공', '촬영 전 온라인 브리핑', '노을 또는 야간 씬 조율']::text[], array['여유 있는 제주 체류', '3~4벌 의상', '낮부터 노을까지']::text[], '[{"id":"film-day","name":"필름 카메라 추가","price":120000,"description":"디지털 촬영과 별도로 필름 질감의 셀렉 컷을 더해요."},{"id":"album-day","name":"미니 포토북","price":90000,"description":"선택한 사진으로 작은 포토북을 제작해요."}]'::jsonb, 2);
insert into public.snap_artists (id, studio_name, artist_name, introduction, profile_image_url, scenes, tones, keywords, package_summary, price_from, duration_hours, delivery_days, reservation_lead_days, sort_order) values ('field-day', '필드 데이', '현우', '들판에서 손을 잡고 걷는 순간처럼 편한 사진을 좋아합니다.', '/images/profile/17.png', array['ranch', 'oreum', 'forest']::text[], array['natural', 'film']::text[], array['들판', '산책', '다큐']::text[], '2시간 촬영 · 색감 보정본 550장 · 인물 보정 13장', 1050000, 2, 21, 30, 16);
insert into public.snap_packages (id, artist_id, name, description, price, duration_hours, outfit_count_minimum, outfit_count_maximum, scene_count, color_corrected_count, basic_retouched_count, selected_retouched_count, included_services, recommended_for, add_ons, sort_order) values ('field-day-light', 'field-day', '원 씬', '한 가지 제주 씬에 집중해 가볍고 자연스럽게 남기는 촬영이에요.', 1050000, 2, 1, 2, 1, 550, 8, 5, array['작가 1인 촬영', '색감 보정본 전체 제공', '촬영 전 온라인 브리핑']::text[], array['셀프웨딩', '짧은 제주 여행', '한 가지 씬 집중']::text[], '[{"id":"film-light","name":"필름 카메라 추가","price":80000,"description":"디지털 촬영과 별도로 필름 질감의 셀렉 컷을 더해요."},{"id":"drone-light","name":"드론 하이라이트","price":180000,"description":"제주 풍경을 넓게 담는 짧은 드론 하이라이트를 추가해요.","notice":"비행 가능 구역, 날씨, 풍속, 현장 허가 조건에 따라 진행 여부가 달라질 수 있어요."}]'::jsonb, 0);
insert into public.snap_packages (id, artist_id, name, description, price, duration_hours, outfit_count_minimum, outfit_count_maximum, scene_count, color_corrected_count, basic_retouched_count, selected_retouched_count, included_services, recommended_for, add_ons, sort_order) values ('field-day-signature', 'field-day', '투 씬', '의상과 장면을 나누어 제주에서의 하루를 가장 균형 있게 담아요.', 1440000, 3.5, 2, 3, 2, 1200, 15, 12, array['작가 1인 촬영', '색감 보정본 전체 제공', '인물 보정본 제공', '촬영 전 온라인 브리핑']::text[], array['본식 전 웨딩 스냅', '2~3벌 의상', '제주 대표 씬 조합']::text[], '[{"id":"film-signature","name":"필름 카메라 추가","price":120000,"description":"디지털 촬영과 별도로 필름 질감의 셀렉 컷을 더해요."},{"id":"drone-signature","name":"드론 하이라이트","price":180000,"description":"제주 풍경을 넓게 담는 짧은 드론 하이라이트를 추가해요.","notice":"비행 가능 구역, 날씨, 풍속, 현장 허가 조건에 따라 진행 여부가 달라질 수 있어요."}]'::jsonb, 1);
insert into public.snap_packages (id, artist_id, name, description, price, duration_hours, outfit_count_minimum, outfit_count_maximum, scene_count, color_corrected_count, basic_retouched_count, selected_retouched_count, included_services, recommended_for, add_ons, sort_order) values ('field-day-day', 'field-day', '올데이', '낮의 초록부터 노을까지, 여유 있게 여러 장면을 이어가는 촬영이에요.', 1750000, 5.5, 3, 4, 4, 1900, 25, 23, array['작가 1인 촬영', '색감 보정본 전체 제공', '인물 보정본 제공', '촬영 전 온라인 브리핑', '노을 또는 야간 씬 조율']::text[], array['여유 있는 제주 체류', '3~4벌 의상', '낮부터 노을까지']::text[], '[{"id":"film-day","name":"필름 카메라 추가","price":120000,"description":"디지털 촬영과 별도로 필름 질감의 셀렉 컷을 더해요."},{"id":"drone-day","name":"드론 하이라이트","price":220000,"description":"제주 풍경을 넓게 담는 짧은 드론 하이라이트를 추가해요.","notice":"비행 가능 구역, 날씨, 풍속, 현장 허가 조건에 따라 진행 여부가 달라질 수 있어요."}]'::jsonb, 2);
insert into public.snap_artists (id, studio_name, artist_name, introduction, profile_image_url, scenes, tones, keywords, package_summary, price_from, duration_hours, delivery_days, reservation_lead_days, sort_order) values ('warm-stone', '웜 스톤', '정원', '제주의 검은 돌과 따뜻한 색감을 조화롭게 연결합니다.', '/images/profile/18.png', array['stone-wall', 'sea', 'sunset']::text[], array['warm', 'classic']::text[], array['돌담', '따뜻한 대비', '노을']::text[], '2시간 촬영 · 색감 보정본 600장 · 인물 보정 15장', 1120000, 2, 24, 45, 17);
insert into public.snap_packages (id, artist_id, name, description, price, duration_hours, outfit_count_minimum, outfit_count_maximum, scene_count, color_corrected_count, basic_retouched_count, selected_retouched_count, included_services, recommended_for, add_ons, sort_order) values ('warm-stone-light', 'warm-stone', '퍼스트 컷', '한 가지 제주 씬에 집중해 가볍고 자연스럽게 남기는 촬영이에요.', 1120000, 2, 1, 2, 1, 600, 10, 5, array['작가 1인 촬영', '색감 보정본 전체 제공', '촬영 전 온라인 브리핑']::text[], array['셀프웨딩', '짧은 제주 여행', '한 가지 씬 집중']::text[], '[{"id":"film-light","name":"필름 카메라 추가","price":80000,"description":"디지털 촬영과 별도로 필름 질감의 셀렉 컷을 더해요."},{"id":"night-light","name":"야간 조명 씬","price":100000,"description":"해가 진 뒤 조명 장비를 활용한 한 장면을 추가해요."}]'::jsonb, 0);
insert into public.snap_packages (id, artist_id, name, description, price, duration_hours, outfit_count_minimum, outfit_count_maximum, scene_count, color_corrected_count, basic_retouched_count, selected_retouched_count, included_services, recommended_for, add_ons, sort_order) values ('warm-stone-signature', 'warm-stone', '스토리 컷', '의상과 장면을 나누어 제주에서의 하루를 가장 균형 있게 담아요.', 1540000, 4, 2, 3, 3, 1300, 17, 14, array['작가 1인 촬영', '색감 보정본 전체 제공', '인물 보정본 제공', '촬영 전 온라인 브리핑']::text[], array['본식 전 웨딩 스냅', '2~3벌 의상', '제주 대표 씬 조합']::text[], '[{"id":"film-signature","name":"필름 카메라 추가","price":120000,"description":"디지털 촬영과 별도로 필름 질감의 셀렉 컷을 더해요."},{"id":"night-signature","name":"야간 조명 씬","price":100000,"description":"해가 진 뒤 조명 장비를 활용한 한 장면을 추가해요."}]'::jsonb, 1);
insert into public.snap_packages (id, artist_id, name, description, price, duration_hours, outfit_count_minimum, outfit_count_maximum, scene_count, color_corrected_count, basic_retouched_count, selected_retouched_count, included_services, recommended_for, add_ons, sort_order) values ('warm-stone-day', 'warm-stone', '롱 스테이', '낮의 초록부터 노을까지, 여유 있게 여러 장면을 이어가는 촬영이에요.', 1860000, 5, 3, 4, 5, 2000, 28, 26, array['작가 1인 촬영', '색감 보정본 전체 제공', '인물 보정본 제공', '촬영 전 온라인 브리핑', '노을 또는 야간 씬 조율']::text[], array['여유 있는 제주 체류', '3~4벌 의상', '낮부터 노을까지']::text[], '[{"id":"film-day","name":"필름 카메라 추가","price":120000,"description":"디지털 촬영과 별도로 필름 질감의 셀렉 컷을 더해요."},{"id":"night-day","name":"야간 조명 씬","price":100000,"description":"해가 진 뒤 조명 장비를 활용한 한 장면을 추가해요."}]'::jsonb, 2);
insert into public.snap_artists (id, studio_name, artist_name, introduction, profile_image_url, scenes, tones, keywords, package_summary, price_from, duration_hours, delivery_days, reservation_lead_days, sort_order) values ('blank-film', '블랭크 필름', '세아', '조금의 흔들림과 질감까지 기억되는 필름 무드를 만들어요.', '/images/profile/19.png', array['forest', 'sea', 'sunset']::text[], array['film', 'natural']::text[], array['필름 그레인', '자연광', '감성']::text[], '1.5시간 촬영 · 색감 보정본 650장 · 인물 보정 17장', 830000, 1.5, 27, 60, 18);
insert into public.snap_packages (id, artist_id, name, description, price, duration_hours, outfit_count_minimum, outfit_count_maximum, scene_count, color_corrected_count, basic_retouched_count, selected_retouched_count, included_services, recommended_for, add_ons, sort_order) values ('blank-film-light', 'blank-film', '브리즈', '한 가지 제주 씬에 집중해 가볍고 자연스럽게 남기는 촬영이에요.', 830000, 1.5, 1, 2, 1, 650, 12, 5, array['작가 1인 촬영', '색감 보정본 전체 제공', '촬영 전 온라인 브리핑']::text[], array['셀프웨딩', '짧은 제주 여행', '한 가지 씬 집중']::text[], '[{"id":"film-light","name":"필름 카메라 추가","price":80000,"description":"디지털 촬영과 별도로 필름 질감의 셀렉 컷을 더해요."},{"id":"reels-light","name":"세로 릴스 스케치","price":130000,"description":"촬영 중 주요 순간을 세로 영상으로 짧게 기록해요."}]'::jsonb, 0);
insert into public.snap_packages (id, artist_id, name, description, price, duration_hours, outfit_count_minimum, outfit_count_maximum, scene_count, color_corrected_count, basic_retouched_count, selected_retouched_count, included_services, recommended_for, add_ons, sort_order) values ('blank-film-signature', 'blank-film', '웨이브', '의상과 장면을 나누어 제주에서의 하루를 가장 균형 있게 담아요.', 1190000, 3.5, 2, 3, 2, 1400, 19, 10, array['작가 1인 촬영', '색감 보정본 전체 제공', '인물 보정본 제공', '촬영 전 온라인 브리핑']::text[], array['본식 전 웨딩 스냅', '2~3벌 의상', '제주 대표 씬 조합']::text[], '[{"id":"film-signature","name":"필름 카메라 추가","price":120000,"description":"디지털 촬영과 별도로 필름 질감의 셀렉 컷을 더해요."},{"id":"reels-signature","name":"세로 릴스 스케치","price":130000,"description":"촬영 중 주요 순간을 세로 영상으로 짧게 기록해요."}]'::jsonb, 1);
insert into public.snap_packages (id, artist_id, name, description, price, duration_hours, outfit_count_minimum, outfit_count_maximum, scene_count, color_corrected_count, basic_retouched_count, selected_retouched_count, included_services, recommended_for, add_ons, sort_order) values ('blank-film-day', 'blank-film', '호라이즌', '낮의 초록부터 노을까지, 여유 있게 여러 장면을 이어가는 촬영이에요.', 1610000, 5, 3, 4, 4, 2100, 31, 20, array['작가 1인 촬영', '색감 보정본 전체 제공', '인물 보정본 제공', '촬영 전 온라인 브리핑', '노을 또는 야간 씬 조율']::text[], array['여유 있는 제주 체류', '3~4벌 의상', '낮부터 노을까지']::text[], '[{"id":"film-day","name":"필름 카메라 추가","price":120000,"description":"디지털 촬영과 별도로 필름 질감의 셀렉 컷을 더해요."},{"id":"reels-day","name":"세로 릴스 스케치","price":130000,"description":"촬영 중 주요 순간을 세로 영상으로 짧게 기록해요."}]'::jsonb, 2);
insert into public.snap_artists (id, studio_name, artist_name, introduction, profile_image_url, scenes, tones, keywords, package_summary, price_from, duration_hours, delivery_days, reservation_lead_days, sort_order) values ('cobalt-snap', '코발트 스냅', '준호', '선명한 하늘과 바다의 색을 또렷한 인물 사진으로 남겨요.', '/images/profile/20.png', array['sea', 'oreum', 'ranch']::text[], array['classic', 'natural']::text[], array['선명한 색', '하늘', '인물']::text[], '2시간 촬영 · 색감 보정본 700장 · 인물 보정 19장', 900000, 2, 30, 75, 19);
insert into public.snap_packages (id, artist_id, name, description, price, duration_hours, outfit_count_minimum, outfit_count_maximum, scene_count, color_corrected_count, basic_retouched_count, selected_retouched_count, included_services, recommended_for, add_ons, sort_order) values ('cobalt-snap-light', 'cobalt-snap', '소프트', '한 가지 제주 씬에 집중해 가볍고 자연스럽게 남기는 촬영이에요.', 900000, 2, 1, 2, 1, 700, 14, 5, array['작가 1인 촬영', '색감 보정본 전체 제공', '촬영 전 온라인 브리핑']::text[], array['셀프웨딩', '짧은 제주 여행', '한 가지 씬 집중']::text[], '[{"id":"film-light","name":"필름 카메라 추가","price":80000,"description":"디지털 촬영과 별도로 필름 질감의 셀렉 컷을 더해요."},{"id":"album-light","name":"미니 포토북","price":90000,"description":"선택한 사진으로 작은 포토북을 제작해요."}]'::jsonb, 0);
insert into public.snap_packages (id, artist_id, name, description, price, duration_hours, outfit_count_minimum, outfit_count_maximum, scene_count, color_corrected_count, basic_retouched_count, selected_retouched_count, included_services, recommended_for, add_ons, sort_order) values ('cobalt-snap-signature', 'cobalt-snap', '무드', '의상과 장면을 나누어 제주에서의 하루를 가장 균형 있게 담아요.', 1290000, 4, 2, 3, 3, 1500, 21, 12, array['작가 1인 촬영', '색감 보정본 전체 제공', '인물 보정본 제공', '촬영 전 온라인 브리핑']::text[], array['본식 전 웨딩 스냅', '2~3벌 의상', '제주 대표 씬 조합']::text[], '[{"id":"film-signature","name":"필름 카메라 추가","price":120000,"description":"디지털 촬영과 별도로 필름 질감의 셀렉 컷을 더해요."},{"id":"album-signature","name":"미니 포토북","price":90000,"description":"선택한 사진으로 작은 포토북을 제작해요."}]'::jsonb, 1);
insert into public.snap_packages (id, artist_id, name, description, price, duration_hours, outfit_count_minimum, outfit_count_maximum, scene_count, color_corrected_count, basic_retouched_count, selected_retouched_count, included_services, recommended_for, add_ons, sort_order) values ('cobalt-snap-day', 'cobalt-snap', '아카이브', '낮의 초록부터 노을까지, 여유 있게 여러 장면을 이어가는 촬영이에요.', 1720000, 5.5, 3, 4, 5, 2200, 34, 23, array['작가 1인 촬영', '색감 보정본 전체 제공', '인물 보정본 제공', '촬영 전 온라인 브리핑', '노을 또는 야간 씬 조율']::text[], array['여유 있는 제주 체류', '3~4벌 의상', '낮부터 노을까지']::text[], '[{"id":"film-day","name":"필름 카메라 추가","price":120000,"description":"디지털 촬영과 별도로 필름 질감의 셀렉 컷을 더해요."},{"id":"album-day","name":"미니 포토북","price":90000,"description":"선택한 사진으로 작은 포토북을 제작해요."}]'::jsonb, 2);
insert into public.snap_artists (id, studio_name, artist_name, introduction, profile_image_url, scenes, tones, keywords, package_summary, price_from, duration_hours, delivery_days, reservation_lead_days, sort_order) values ('camellia-day', '카멜리아 데이', '소연', '동백과 숲의 깊은 초록에 어울리는 부드러운 톤을 제안해요.', '/images/profile/21.png', array['forest', 'stone-wall', 'oreum']::text[], array['warm', 'film']::text[], array['동백', '초록', '부드러운 색감']::text[], '2시간 촬영 · 색감 보정본 500장 · 인물 보정 13장', 970000, 2, 18, 30, 20);
insert into public.snap_packages (id, artist_id, name, description, price, duration_hours, outfit_count_minimum, outfit_count_maximum, scene_count, color_corrected_count, basic_retouched_count, selected_retouched_count, included_services, recommended_for, add_ons, sort_order) values ('camellia-day-light', 'camellia-day', '라이트', '한 가지 제주 씬에 집중해 가볍고 자연스럽게 남기는 촬영이에요.', 970000, 2, 1, 2, 1, 500, 8, 5, array['작가 1인 촬영', '색감 보정본 전체 제공', '촬영 전 온라인 브리핑']::text[], array['셀프웨딩', '짧은 제주 여행', '한 가지 씬 집중']::text[], '[{"id":"film-light","name":"필름 카메라 추가","price":80000,"description":"디지털 촬영과 별도로 필름 질감의 셀렉 컷을 더해요."},{"id":"drone-light","name":"드론 하이라이트","price":180000,"description":"제주 풍경을 넓게 담는 짧은 드론 하이라이트를 추가해요.","notice":"비행 가능 구역, 날씨, 풍속, 현장 허가 조건에 따라 진행 여부가 달라질 수 있어요."}]'::jsonb, 0);
insert into public.snap_packages (id, artist_id, name, description, price, duration_hours, outfit_count_minimum, outfit_count_maximum, scene_count, color_corrected_count, basic_retouched_count, selected_retouched_count, included_services, recommended_for, add_ons, sort_order) values ('camellia-day-signature', 'camellia-day', '시그니처', '의상과 장면을 나누어 제주에서의 하루를 가장 균형 있게 담아요.', 1390000, 3.5, 2, 3, 2, 1100, 15, 14, array['작가 1인 촬영', '색감 보정본 전체 제공', '인물 보정본 제공', '촬영 전 온라인 브리핑']::text[], array['본식 전 웨딩 스냅', '2~3벌 의상', '제주 대표 씬 조합']::text[], '[{"id":"film-signature","name":"필름 카메라 추가","price":120000,"description":"디지털 촬영과 별도로 필름 질감의 셀렉 컷을 더해요."},{"id":"drone-signature","name":"드론 하이라이트","price":180000,"description":"제주 풍경을 넓게 담는 짧은 드론 하이라이트를 추가해요.","notice":"비행 가능 구역, 날씨, 풍속, 현장 허가 조건에 따라 진행 여부가 달라질 수 있어요."}]'::jsonb, 1);
insert into public.snap_packages (id, artist_id, name, description, price, duration_hours, outfit_count_minimum, outfit_count_maximum, scene_count, color_corrected_count, basic_retouched_count, selected_retouched_count, included_services, recommended_for, add_ons, sort_order) values ('camellia-day-day', 'camellia-day', '제주 데이', '낮의 초록부터 노을까지, 여유 있게 여러 장면을 이어가는 촬영이에요.', 1670000, 5, 3, 4, 4, 1800, 25, 26, array['작가 1인 촬영', '색감 보정본 전체 제공', '인물 보정본 제공', '촬영 전 온라인 브리핑', '노을 또는 야간 씬 조율']::text[], array['여유 있는 제주 체류', '3~4벌 의상', '낮부터 노을까지']::text[], '[{"id":"film-day","name":"필름 카메라 추가","price":120000,"description":"디지털 촬영과 별도로 필름 질감의 셀렉 컷을 더해요."},{"id":"drone-day","name":"드론 하이라이트","price":220000,"description":"제주 풍경을 넓게 담는 짧은 드론 하이라이트를 추가해요.","notice":"비행 가능 구역, 날씨, 풍속, 현장 허가 조건에 따라 진행 여부가 달라질 수 있어요."}]'::jsonb, 2);
insert into public.snap_artists (id, studio_name, artist_name, introduction, profile_image_url, scenes, tones, keywords, package_summary, price_from, duration_hours, delivery_days, reservation_lead_days, sort_order) values ('open-sky', '오픈 스카이', '서후', '넓은 제주 풍경 안에서 커플의 움직임을 시원하게 담습니다.', '/images/profile/22.png', array['oreum', 'ranch', 'sea']::text[], array['natural', 'classic']::text[], array['와이드 샷', '풍경', '자유로운 포즈']::text[], '1.5시간 촬영 · 색감 보정본 550장 · 인물 보정 15장', 1040000, 1.5, 21, 45, 21);
insert into public.snap_packages (id, artist_id, name, description, price, duration_hours, outfit_count_minimum, outfit_count_maximum, scene_count, color_corrected_count, basic_retouched_count, selected_retouched_count, included_services, recommended_for, add_ons, sort_order) values ('open-sky-light', 'open-sky', '원 씬', '한 가지 제주 씬에 집중해 가볍고 자연스럽게 남기는 촬영이에요.', 1040000, 1.5, 1, 2, 1, 550, 10, 5, array['작가 1인 촬영', '색감 보정본 전체 제공', '촬영 전 온라인 브리핑']::text[], array['셀프웨딩', '짧은 제주 여행', '한 가지 씬 집중']::text[], '[{"id":"film-light","name":"필름 카메라 추가","price":80000,"description":"디지털 촬영과 별도로 필름 질감의 셀렉 컷을 더해요."},{"id":"night-light","name":"야간 조명 씬","price":100000,"description":"해가 진 뒤 조명 장비를 활용한 한 장면을 추가해요."}]'::jsonb, 0);
insert into public.snap_packages (id, artist_id, name, description, price, duration_hours, outfit_count_minimum, outfit_count_maximum, scene_count, color_corrected_count, basic_retouched_count, selected_retouched_count, included_services, recommended_for, add_ons, sort_order) values ('open-sky-signature', 'open-sky', '투 씬', '의상과 장면을 나누어 제주에서의 하루를 가장 균형 있게 담아요.', 1400000, 4, 2, 3, 3, 1200, 17, 10, array['작가 1인 촬영', '색감 보정본 전체 제공', '인물 보정본 제공', '촬영 전 온라인 브리핑']::text[], array['본식 전 웨딩 스냅', '2~3벌 의상', '제주 대표 씬 조합']::text[], '[{"id":"film-signature","name":"필름 카메라 추가","price":120000,"description":"디지털 촬영과 별도로 필름 질감의 셀렉 컷을 더해요."},{"id":"night-signature","name":"야간 조명 씬","price":100000,"description":"해가 진 뒤 조명 장비를 활용한 한 장면을 추가해요."}]'::jsonb, 1);
insert into public.snap_packages (id, artist_id, name, description, price, duration_hours, outfit_count_minimum, outfit_count_maximum, scene_count, color_corrected_count, basic_retouched_count, selected_retouched_count, included_services, recommended_for, add_ons, sort_order) values ('open-sky-day', 'open-sky', '올데이', '낮의 초록부터 노을까지, 여유 있게 여러 장면을 이어가는 촬영이에요.', 1780000, 5, 3, 4, 5, 1900, 28, 20, array['작가 1인 촬영', '색감 보정본 전체 제공', '인물 보정본 제공', '촬영 전 온라인 브리핑', '노을 또는 야간 씬 조율']::text[], array['여유 있는 제주 체류', '3~4벌 의상', '낮부터 노을까지']::text[], '[{"id":"film-day","name":"필름 카메라 추가","price":120000,"description":"디지털 촬영과 별도로 필름 질감의 셀렉 컷을 더해요."},{"id":"night-day","name":"야간 조명 씬","price":100000,"description":"해가 진 뒤 조명 장비를 활용한 한 장면을 추가해요."}]'::jsonb, 2);
insert into public.snap_artists (id, studio_name, artist_name, introduction, profile_image_url, scenes, tones, keywords, package_summary, price_from, duration_hours, delivery_days, reservation_lead_days, sort_order) values ('soft-shadow', '소프트 섀도우', '유라', '그림자가 길어지는 시간의 정제된 아름다움을 담아냅니다.', '/images/profile/23.png', array['sunset', 'stone-wall', 'forest']::text[], array['classic', 'film']::text[], array['그림자', '노을', '정제된 무드']::text[], '2시간 촬영 · 색감 보정본 600장 · 인물 보정 17장', 1110000, 2, 24, 60, 22);
insert into public.snap_packages (id, artist_id, name, description, price, duration_hours, outfit_count_minimum, outfit_count_maximum, scene_count, color_corrected_count, basic_retouched_count, selected_retouched_count, included_services, recommended_for, add_ons, sort_order) values ('soft-shadow-light', 'soft-shadow', '퍼스트 컷', '한 가지 제주 씬에 집중해 가볍고 자연스럽게 남기는 촬영이에요.', 1110000, 2, 1, 2, 1, 600, 12, 5, array['작가 1인 촬영', '색감 보정본 전체 제공', '촬영 전 온라인 브리핑']::text[], array['셀프웨딩', '짧은 제주 여행', '한 가지 씬 집중']::text[], '[{"id":"film-light","name":"필름 카메라 추가","price":80000,"description":"디지털 촬영과 별도로 필름 질감의 셀렉 컷을 더해요."},{"id":"reels-light","name":"세로 릴스 스케치","price":130000,"description":"촬영 중 주요 순간을 세로 영상으로 짧게 기록해요."}]'::jsonb, 0);
insert into public.snap_packages (id, artist_id, name, description, price, duration_hours, outfit_count_minimum, outfit_count_maximum, scene_count, color_corrected_count, basic_retouched_count, selected_retouched_count, included_services, recommended_for, add_ons, sort_order) values ('soft-shadow-signature', 'soft-shadow', '스토리 컷', '의상과 장면을 나누어 제주에서의 하루를 가장 균형 있게 담아요.', 1500000, 3.5, 2, 3, 2, 1300, 19, 12, array['작가 1인 촬영', '색감 보정본 전체 제공', '인물 보정본 제공', '촬영 전 온라인 브리핑']::text[], array['본식 전 웨딩 스냅', '2~3벌 의상', '제주 대표 씬 조합']::text[], '[{"id":"film-signature","name":"필름 카메라 추가","price":120000,"description":"디지털 촬영과 별도로 필름 질감의 셀렉 컷을 더해요."},{"id":"reels-signature","name":"세로 릴스 스케치","price":130000,"description":"촬영 중 주요 순간을 세로 영상으로 짧게 기록해요."}]'::jsonb, 1);
insert into public.snap_packages (id, artist_id, name, description, price, duration_hours, outfit_count_minimum, outfit_count_maximum, scene_count, color_corrected_count, basic_retouched_count, selected_retouched_count, included_services, recommended_for, add_ons, sort_order) values ('soft-shadow-day', 'soft-shadow', '롱 스테이', '낮의 초록부터 노을까지, 여유 있게 여러 장면을 이어가는 촬영이에요.', 1890000, 5.5, 3, 4, 4, 2000, 31, 23, array['작가 1인 촬영', '색감 보정본 전체 제공', '인물 보정본 제공', '촬영 전 온라인 브리핑', '노을 또는 야간 씬 조율']::text[], array['여유 있는 제주 체류', '3~4벌 의상', '낮부터 노을까지']::text[], '[{"id":"film-day","name":"필름 카메라 추가","price":120000,"description":"디지털 촬영과 별도로 필름 질감의 셀렉 컷을 더해요."},{"id":"reels-day","name":"세로 릴스 스케치","price":130000,"description":"촬영 중 주요 순간을 세로 영상으로 짧게 기록해요."}]'::jsonb, 2);
insert into public.snap_artists (id, studio_name, artist_name, introduction, profile_image_url, scenes, tones, keywords, package_summary, price_from, duration_hours, delivery_days, reservation_lead_days, sort_order) values ('island-letter', '섬의 편지', '다빈', '하루의 이동을 여행처럼 느끼게 하는 따뜻한 스냅을 만들어요.', '/images/profile/24.png', array['sea', 'ranch', 'stone-wall']::text[], array['warm', 'natural']::text[], array['여행 같은 촬영', '제주 마을', '따뜻함']::text[], '2시간 촬영 · 색감 보정본 650장 · 인물 보정 19장', 1180000, 2, 27, 75, 23);
insert into public.snap_packages (id, artist_id, name, description, price, duration_hours, outfit_count_minimum, outfit_count_maximum, scene_count, color_corrected_count, basic_retouched_count, selected_retouched_count, included_services, recommended_for, add_ons, sort_order) values ('island-letter-light', 'island-letter', '브리즈', '한 가지 제주 씬에 집중해 가볍고 자연스럽게 남기는 촬영이에요.', 1180000, 2, 1, 2, 1, 650, 14, 5, array['작가 1인 촬영', '색감 보정본 전체 제공', '촬영 전 온라인 브리핑']::text[], array['셀프웨딩', '짧은 제주 여행', '한 가지 씬 집중']::text[], '[{"id":"film-light","name":"필름 카메라 추가","price":80000,"description":"디지털 촬영과 별도로 필름 질감의 셀렉 컷을 더해요."},{"id":"album-light","name":"미니 포토북","price":90000,"description":"선택한 사진으로 작은 포토북을 제작해요."}]'::jsonb, 0);
insert into public.snap_packages (id, artist_id, name, description, price, duration_hours, outfit_count_minimum, outfit_count_maximum, scene_count, color_corrected_count, basic_retouched_count, selected_retouched_count, included_services, recommended_for, add_ons, sort_order) values ('island-letter-signature', 'island-letter', '웨이브', '의상과 장면을 나누어 제주에서의 하루를 가장 균형 있게 담아요.', 1600000, 4, 2, 3, 3, 1400, 21, 14, array['작가 1인 촬영', '색감 보정본 전체 제공', '인물 보정본 제공', '촬영 전 온라인 브리핑']::text[], array['본식 전 웨딩 스냅', '2~3벌 의상', '제주 대표 씬 조합']::text[], '[{"id":"film-signature","name":"필름 카메라 추가","price":120000,"description":"디지털 촬영과 별도로 필름 질감의 셀렉 컷을 더해요."},{"id":"album-signature","name":"미니 포토북","price":90000,"description":"선택한 사진으로 작은 포토북을 제작해요."}]'::jsonb, 1);
insert into public.snap_packages (id, artist_id, name, description, price, duration_hours, outfit_count_minimum, outfit_count_maximum, scene_count, color_corrected_count, basic_retouched_count, selected_retouched_count, included_services, recommended_for, add_ons, sort_order) values ('island-letter-day', 'island-letter', '호라이즌', '낮의 초록부터 노을까지, 여유 있게 여러 장면을 이어가는 촬영이에요.', 2000000, 5, 3, 4, 5, 2100, 34, 26, array['작가 1인 촬영', '색감 보정본 전체 제공', '인물 보정본 제공', '촬영 전 온라인 브리핑', '노을 또는 야간 씬 조율']::text[], array['여유 있는 제주 체류', '3~4벌 의상', '낮부터 노을까지']::text[], '[{"id":"film-day","name":"필름 카메라 추가","price":120000,"description":"디지털 촬영과 별도로 필름 질감의 셀렉 컷을 더해요."},{"id":"album-day","name":"미니 포토북","price":90000,"description":"선택한 사진으로 작은 포토북을 제작해요."}]'::jsonb, 2);
insert into public.snap_artists (id, studio_name, artist_name, introduction, profile_image_url, scenes, tones, keywords, package_summary, price_from, duration_hours, delivery_days, reservation_lead_days, sort_order) values ('fern-studio', '펀 스튜디오', '주원', '숲의 질감과 두 사람의 작은 제스처를 섬세하게 기록합니다.', '/images/profile/25.png', array['forest', 'oreum', 'ranch']::text[], array['film', 'classic']::text[], array['고사리', '숲', '섬세한 디렉팅']::text[], '1.5시간 촬영 · 색감 보정본 700장 · 인물 보정 13장', 890000, 1.5, 30, 30, 24);
insert into public.snap_packages (id, artist_id, name, description, price, duration_hours, outfit_count_minimum, outfit_count_maximum, scene_count, color_corrected_count, basic_retouched_count, selected_retouched_count, included_services, recommended_for, add_ons, sort_order) values ('fern-studio-light', 'fern-studio', '소프트', '한 가지 제주 씬에 집중해 가볍고 자연스럽게 남기는 촬영이에요.', 890000, 1.5, 1, 2, 1, 700, 8, 5, array['작가 1인 촬영', '색감 보정본 전체 제공', '촬영 전 온라인 브리핑']::text[], array['셀프웨딩', '짧은 제주 여행', '한 가지 씬 집중']::text[], '[{"id":"film-light","name":"필름 카메라 추가","price":80000,"description":"디지털 촬영과 별도로 필름 질감의 셀렉 컷을 더해요."},{"id":"drone-light","name":"드론 하이라이트","price":180000,"description":"제주 풍경을 넓게 담는 짧은 드론 하이라이트를 추가해요.","notice":"비행 가능 구역, 날씨, 풍속, 현장 허가 조건에 따라 진행 여부가 달라질 수 있어요."}]'::jsonb, 0);
insert into public.snap_packages (id, artist_id, name, description, price, duration_hours, outfit_count_minimum, outfit_count_maximum, scene_count, color_corrected_count, basic_retouched_count, selected_retouched_count, included_services, recommended_for, add_ons, sort_order) values ('fern-studio-signature', 'fern-studio', '무드', '의상과 장면을 나누어 제주에서의 하루를 가장 균형 있게 담아요.', 1250000, 3.5, 2, 3, 2, 1500, 15, 10, array['작가 1인 촬영', '색감 보정본 전체 제공', '인물 보정본 제공', '촬영 전 온라인 브리핑']::text[], array['본식 전 웨딩 스냅', '2~3벌 의상', '제주 대표 씬 조합']::text[], '[{"id":"film-signature","name":"필름 카메라 추가","price":120000,"description":"디지털 촬영과 별도로 필름 질감의 셀렉 컷을 더해요."},{"id":"drone-signature","name":"드론 하이라이트","price":180000,"description":"제주 풍경을 넓게 담는 짧은 드론 하이라이트를 추가해요.","notice":"비행 가능 구역, 날씨, 풍속, 현장 허가 조건에 따라 진행 여부가 달라질 수 있어요."}]'::jsonb, 1);
insert into public.snap_packages (id, artist_id, name, description, price, duration_hours, outfit_count_minimum, outfit_count_maximum, scene_count, color_corrected_count, basic_retouched_count, selected_retouched_count, included_services, recommended_for, add_ons, sort_order) values ('fern-studio-day', 'fern-studio', '아카이브', '낮의 초록부터 노을까지, 여유 있게 여러 장면을 이어가는 촬영이에요.', 1590000, 5, 3, 4, 4, 2200, 25, 20, array['작가 1인 촬영', '색감 보정본 전체 제공', '인물 보정본 제공', '촬영 전 온라인 브리핑', '노을 또는 야간 씬 조율']::text[], array['여유 있는 제주 체류', '3~4벌 의상', '낮부터 노을까지']::text[], '[{"id":"film-day","name":"필름 카메라 추가","price":120000,"description":"디지털 촬영과 별도로 필름 질감의 셀렉 컷을 더해요."},{"id":"drone-day","name":"드론 하이라이트","price":220000,"description":"제주 풍경을 넓게 담는 짧은 드론 하이라이트를 추가해요.","notice":"비행 가능 구역, 날씨, 풍속, 현장 허가 조건에 따라 진행 여부가 달라질 수 있어요."}]'::jsonb, 2);
insert into public.snap_artists (id, studio_name, artist_name, introduction, profile_image_url, scenes, tones, keywords, package_summary, price_from, duration_hours, delivery_days, reservation_lead_days, sort_order) values ('horizon-day', '호라이즌 데이', '민서', '수평선과 노을 사이, 드레스의 움직임을 시원하게 담습니다.', '/images/profile/26.png', array['sea', 'sunset', 'ranch']::text[], array['warm', 'classic']::text[], array['수평선', '드레스 무브', '노을']::text[], '2시간 촬영 · 색감 보정본 500장 · 인물 보정 15장', 960000, 2, 18, 45, 25);
insert into public.snap_packages (id, artist_id, name, description, price, duration_hours, outfit_count_minimum, outfit_count_maximum, scene_count, color_corrected_count, basic_retouched_count, selected_retouched_count, included_services, recommended_for, add_ons, sort_order) values ('horizon-day-light', 'horizon-day', '라이트', '한 가지 제주 씬에 집중해 가볍고 자연스럽게 남기는 촬영이에요.', 960000, 2, 1, 2, 1, 500, 10, 5, array['작가 1인 촬영', '색감 보정본 전체 제공', '촬영 전 온라인 브리핑']::text[], array['셀프웨딩', '짧은 제주 여행', '한 가지 씬 집중']::text[], '[{"id":"film-light","name":"필름 카메라 추가","price":80000,"description":"디지털 촬영과 별도로 필름 질감의 셀렉 컷을 더해요."},{"id":"night-light","name":"야간 조명 씬","price":100000,"description":"해가 진 뒤 조명 장비를 활용한 한 장면을 추가해요."}]'::jsonb, 0);
insert into public.snap_packages (id, artist_id, name, description, price, duration_hours, outfit_count_minimum, outfit_count_maximum, scene_count, color_corrected_count, basic_retouched_count, selected_retouched_count, included_services, recommended_for, add_ons, sort_order) values ('horizon-day-signature', 'horizon-day', '시그니처', '의상과 장면을 나누어 제주에서의 하루를 가장 균형 있게 담아요.', 1350000, 4, 2, 3, 3, 1100, 17, 12, array['작가 1인 촬영', '색감 보정본 전체 제공', '인물 보정본 제공', '촬영 전 온라인 브리핑']::text[], array['본식 전 웨딩 스냅', '2~3벌 의상', '제주 대표 씬 조합']::text[], '[{"id":"film-signature","name":"필름 카메라 추가","price":120000,"description":"디지털 촬영과 별도로 필름 질감의 셀렉 컷을 더해요."},{"id":"night-signature","name":"야간 조명 씬","price":100000,"description":"해가 진 뒤 조명 장비를 활용한 한 장면을 추가해요."}]'::jsonb, 1);
insert into public.snap_packages (id, artist_id, name, description, price, duration_hours, outfit_count_minimum, outfit_count_maximum, scene_count, color_corrected_count, basic_retouched_count, selected_retouched_count, included_services, recommended_for, add_ons, sort_order) values ('horizon-day-day', 'horizon-day', '제주 데이', '낮의 초록부터 노을까지, 여유 있게 여러 장면을 이어가는 촬영이에요.', 1700000, 5.5, 3, 4, 5, 1800, 28, 23, array['작가 1인 촬영', '색감 보정본 전체 제공', '인물 보정본 제공', '촬영 전 온라인 브리핑', '노을 또는 야간 씬 조율']::text[], array['여유 있는 제주 체류', '3~4벌 의상', '낮부터 노을까지']::text[], '[{"id":"film-day","name":"필름 카메라 추가","price":120000,"description":"디지털 촬영과 별도로 필름 질감의 셀렉 컷을 더해요."},{"id":"night-day","name":"야간 조명 씬","price":100000,"description":"해가 진 뒤 조명 장비를 활용한 한 장면을 추가해요."}]'::jsonb, 2);
insert into public.snap_artists (id, studio_name, artist_name, introduction, profile_image_url, scenes, tones, keywords, package_summary, price_from, duration_hours, delivery_days, reservation_lead_days, sort_order) values ('quiet-peak', '콰이어트 피크', '예린', '조용한 오름에서 두 사람의 시선이 머무는 순간을 찾습니다.', '/images/profile/27.png', array['oreum', 'forest', 'stone-wall']::text[], array['natural', 'classic']::text[], array['오름', '고요함', '시선']::text[], '2시간 촬영 · 색감 보정본 550장 · 인물 보정 17장', 1030000, 2, 21, 60, 26);
insert into public.snap_packages (id, artist_id, name, description, price, duration_hours, outfit_count_minimum, outfit_count_maximum, scene_count, color_corrected_count, basic_retouched_count, selected_retouched_count, included_services, recommended_for, add_ons, sort_order) values ('quiet-peak-light', 'quiet-peak', '원 씬', '한 가지 제주 씬에 집중해 가볍고 자연스럽게 남기는 촬영이에요.', 1030000, 2, 1, 2, 1, 550, 12, 5, array['작가 1인 촬영', '색감 보정본 전체 제공', '촬영 전 온라인 브리핑']::text[], array['셀프웨딩', '짧은 제주 여행', '한 가지 씬 집중']::text[], '[{"id":"film-light","name":"필름 카메라 추가","price":80000,"description":"디지털 촬영과 별도로 필름 질감의 셀렉 컷을 더해요."},{"id":"reels-light","name":"세로 릴스 스케치","price":130000,"description":"촬영 중 주요 순간을 세로 영상으로 짧게 기록해요."}]'::jsonb, 0);
insert into public.snap_packages (id, artist_id, name, description, price, duration_hours, outfit_count_minimum, outfit_count_maximum, scene_count, color_corrected_count, basic_retouched_count, selected_retouched_count, included_services, recommended_for, add_ons, sort_order) values ('quiet-peak-signature', 'quiet-peak', '투 씬', '의상과 장면을 나누어 제주에서의 하루를 가장 균형 있게 담아요.', 1450000, 3.5, 2, 3, 2, 1200, 19, 14, array['작가 1인 촬영', '색감 보정본 전체 제공', '인물 보정본 제공', '촬영 전 온라인 브리핑']::text[], array['본식 전 웨딩 스냅', '2~3벌 의상', '제주 대표 씬 조합']::text[], '[{"id":"film-signature","name":"필름 카메라 추가","price":120000,"description":"디지털 촬영과 별도로 필름 질감의 셀렉 컷을 더해요."},{"id":"reels-signature","name":"세로 릴스 스케치","price":130000,"description":"촬영 중 주요 순간을 세로 영상으로 짧게 기록해요."}]'::jsonb, 1);
insert into public.snap_packages (id, artist_id, name, description, price, duration_hours, outfit_count_minimum, outfit_count_maximum, scene_count, color_corrected_count, basic_retouched_count, selected_retouched_count, included_services, recommended_for, add_ons, sort_order) values ('quiet-peak-day', 'quiet-peak', '올데이', '낮의 초록부터 노을까지, 여유 있게 여러 장면을 이어가는 촬영이에요.', 1810000, 5, 3, 4, 4, 1900, 31, 26, array['작가 1인 촬영', '색감 보정본 전체 제공', '인물 보정본 제공', '촬영 전 온라인 브리핑', '노을 또는 야간 씬 조율']::text[], array['여유 있는 제주 체류', '3~4벌 의상', '낮부터 노을까지']::text[], '[{"id":"film-day","name":"필름 카메라 추가","price":120000,"description":"디지털 촬영과 별도로 필름 질감의 셀렉 컷을 더해요."},{"id":"reels-day","name":"세로 릴스 스케치","price":130000,"description":"촬영 중 주요 순간을 세로 영상으로 짧게 기록해요."}]'::jsonb, 2);
insert into public.snap_artists (id, studio_name, artist_name, introduction, profile_image_url, scenes, tones, keywords, package_summary, price_from, duration_hours, delivery_days, reservation_lead_days, sort_order) values ('daylight-archive', '데이라이트 아카이브', '건우', '빛이 좋은 시간에 꼭 필요한 장면만 선명하게 기록해요.', '/images/profile/28.png', array['ranch', 'sea', 'oreum']::text[], array['natural', 'warm']::text[], array['자연광', '기록', '맑은 톤']::text[], '1.5시간 촬영 · 색감 보정본 600장 · 인물 보정 19장', 1100000, 1.5, 24, 75, 27);
insert into public.snap_packages (id, artist_id, name, description, price, duration_hours, outfit_count_minimum, outfit_count_maximum, scene_count, color_corrected_count, basic_retouched_count, selected_retouched_count, included_services, recommended_for, add_ons, sort_order) values ('daylight-archive-light', 'daylight-archive', '퍼스트 컷', '한 가지 제주 씬에 집중해 가볍고 자연스럽게 남기는 촬영이에요.', 1100000, 1.5, 1, 2, 1, 600, 14, 5, array['작가 1인 촬영', '색감 보정본 전체 제공', '촬영 전 온라인 브리핑']::text[], array['셀프웨딩', '짧은 제주 여행', '한 가지 씬 집중']::text[], '[{"id":"film-light","name":"필름 카메라 추가","price":80000,"description":"디지털 촬영과 별도로 필름 질감의 셀렉 컷을 더해요."},{"id":"album-light","name":"미니 포토북","price":90000,"description":"선택한 사진으로 작은 포토북을 제작해요."}]'::jsonb, 0);
insert into public.snap_packages (id, artist_id, name, description, price, duration_hours, outfit_count_minimum, outfit_count_maximum, scene_count, color_corrected_count, basic_retouched_count, selected_retouched_count, included_services, recommended_for, add_ons, sort_order) values ('daylight-archive-signature', 'daylight-archive', '스토리 컷', '의상과 장면을 나누어 제주에서의 하루를 가장 균형 있게 담아요.', 1460000, 4, 2, 3, 3, 1300, 21, 10, array['작가 1인 촬영', '색감 보정본 전체 제공', '인물 보정본 제공', '촬영 전 온라인 브리핑']::text[], array['본식 전 웨딩 스냅', '2~3벌 의상', '제주 대표 씬 조합']::text[], '[{"id":"film-signature","name":"필름 카메라 추가","price":120000,"description":"디지털 촬영과 별도로 필름 질감의 셀렉 컷을 더해요."},{"id":"album-signature","name":"미니 포토북","price":90000,"description":"선택한 사진으로 작은 포토북을 제작해요."}]'::jsonb, 1);
insert into public.snap_packages (id, artist_id, name, description, price, duration_hours, outfit_count_minimum, outfit_count_maximum, scene_count, color_corrected_count, basic_retouched_count, selected_retouched_count, included_services, recommended_for, add_ons, sort_order) values ('daylight-archive-day', 'daylight-archive', '롱 스테이', '낮의 초록부터 노을까지, 여유 있게 여러 장면을 이어가는 촬영이에요.', 1920000, 5, 3, 4, 5, 2000, 34, 20, array['작가 1인 촬영', '색감 보정본 전체 제공', '인물 보정본 제공', '촬영 전 온라인 브리핑', '노을 또는 야간 씬 조율']::text[], array['여유 있는 제주 체류', '3~4벌 의상', '낮부터 노을까지']::text[], '[{"id":"film-day","name":"필름 카메라 추가","price":120000,"description":"디지털 촬영과 별도로 필름 질감의 셀렉 컷을 더해요."},{"id":"album-day","name":"미니 포토북","price":90000,"description":"선택한 사진으로 작은 포토북을 제작해요."}]'::jsonb, 2);
insert into public.snap_artists (id, studio_name, artist_name, introduction, profile_image_url, scenes, tones, keywords, package_summary, price_from, duration_hours, delivery_days, reservation_lead_days, sort_order) values ('after-rain', '애프터 레인', '하진', '흐린 날과 비 뒤의 제주까지 사진의 분위기로 살려냅니다.', '/images/profile/29.png', array['forest', 'sea', 'stone-wall']::text[], array['film', 'warm']::text[], array['비 오는 날', '안개', '무드']::text[], '2시간 촬영 · 색감 보정본 650장 · 인물 보정 13장', 1170000, 2, 27, 30, 28);
insert into public.snap_packages (id, artist_id, name, description, price, duration_hours, outfit_count_minimum, outfit_count_maximum, scene_count, color_corrected_count, basic_retouched_count, selected_retouched_count, included_services, recommended_for, add_ons, sort_order) values ('after-rain-light', 'after-rain', '브리즈', '한 가지 제주 씬에 집중해 가볍고 자연스럽게 남기는 촬영이에요.', 1170000, 2, 1, 2, 1, 650, 8, 5, array['작가 1인 촬영', '색감 보정본 전체 제공', '촬영 전 온라인 브리핑']::text[], array['셀프웨딩', '짧은 제주 여행', '한 가지 씬 집중']::text[], '[{"id":"film-light","name":"필름 카메라 추가","price":80000,"description":"디지털 촬영과 별도로 필름 질감의 셀렉 컷을 더해요."},{"id":"drone-light","name":"드론 하이라이트","price":180000,"description":"제주 풍경을 넓게 담는 짧은 드론 하이라이트를 추가해요.","notice":"비행 가능 구역, 날씨, 풍속, 현장 허가 조건에 따라 진행 여부가 달라질 수 있어요."}]'::jsonb, 0);
insert into public.snap_packages (id, artist_id, name, description, price, duration_hours, outfit_count_minimum, outfit_count_maximum, scene_count, color_corrected_count, basic_retouched_count, selected_retouched_count, included_services, recommended_for, add_ons, sort_order) values ('after-rain-signature', 'after-rain', '웨이브', '의상과 장면을 나누어 제주에서의 하루를 가장 균형 있게 담아요.', 1560000, 3.5, 2, 3, 2, 1400, 15, 12, array['작가 1인 촬영', '색감 보정본 전체 제공', '인물 보정본 제공', '촬영 전 온라인 브리핑']::text[], array['본식 전 웨딩 스냅', '2~3벌 의상', '제주 대표 씬 조합']::text[], '[{"id":"film-signature","name":"필름 카메라 추가","price":120000,"description":"디지털 촬영과 별도로 필름 질감의 셀렉 컷을 더해요."},{"id":"drone-signature","name":"드론 하이라이트","price":180000,"description":"제주 풍경을 넓게 담는 짧은 드론 하이라이트를 추가해요.","notice":"비행 가능 구역, 날씨, 풍속, 현장 허가 조건에 따라 진행 여부가 달라질 수 있어요."}]'::jsonb, 1);
insert into public.snap_packages (id, artist_id, name, description, price, duration_hours, outfit_count_minimum, outfit_count_maximum, scene_count, color_corrected_count, basic_retouched_count, selected_retouched_count, included_services, recommended_for, add_ons, sort_order) values ('after-rain-day', 'after-rain', '호라이즌', '낮의 초록부터 노을까지, 여유 있게 여러 장면을 이어가는 촬영이에요.', 1870000, 5.5, 3, 4, 4, 2100, 25, 23, array['작가 1인 촬영', '색감 보정본 전체 제공', '인물 보정본 제공', '촬영 전 온라인 브리핑', '노을 또는 야간 씬 조율']::text[], array['여유 있는 제주 체류', '3~4벌 의상', '낮부터 노을까지']::text[], '[{"id":"film-day","name":"필름 카메라 추가","price":120000,"description":"디지털 촬영과 별도로 필름 질감의 셀렉 컷을 더해요."},{"id":"drone-day","name":"드론 하이라이트","price":220000,"description":"제주 풍경을 넓게 담는 짧은 드론 하이라이트를 추가해요.","notice":"비행 가능 구역, 날씨, 풍속, 현장 허가 조건에 따라 진행 여부가 달라질 수 있어요."}]'::jsonb, 2);
insert into public.snap_artists (id, studio_name, artist_name, introduction, profile_image_url, scenes, tones, keywords, package_summary, price_from, duration_hours, delivery_days, reservation_lead_days, sort_order) values ('golden-hour-jeju', '골든아워 제주', '도윤', '마지막 햇살이 드레스에 닿는 시간의 설렘을 담습니다.', '/images/profile/30.png', array['sunset', 'sea', 'oreum']::text[], array['warm', 'film']::text[], array['골든아워', '노을', '로맨틱']::text[], '2시간 촬영 · 색감 보정본 700장 · 인물 보정 15장', 1240000, 2, 30, 45, 29);
insert into public.snap_packages (id, artist_id, name, description, price, duration_hours, outfit_count_minimum, outfit_count_maximum, scene_count, color_corrected_count, basic_retouched_count, selected_retouched_count, included_services, recommended_for, add_ons, sort_order) values ('golden-hour-jeju-light', 'golden-hour-jeju', '소프트', '한 가지 제주 씬에 집중해 가볍고 자연스럽게 남기는 촬영이에요.', 1240000, 2, 1, 2, 1, 700, 10, 5, array['작가 1인 촬영', '색감 보정본 전체 제공', '촬영 전 온라인 브리핑']::text[], array['셀프웨딩', '짧은 제주 여행', '한 가지 씬 집중']::text[], '[{"id":"film-light","name":"필름 카메라 추가","price":80000,"description":"디지털 촬영과 별도로 필름 질감의 셀렉 컷을 더해요."},{"id":"night-light","name":"야간 조명 씬","price":100000,"description":"해가 진 뒤 조명 장비를 활용한 한 장면을 추가해요."}]'::jsonb, 0);
insert into public.snap_packages (id, artist_id, name, description, price, duration_hours, outfit_count_minimum, outfit_count_maximum, scene_count, color_corrected_count, basic_retouched_count, selected_retouched_count, included_services, recommended_for, add_ons, sort_order) values ('golden-hour-jeju-signature', 'golden-hour-jeju', '무드', '의상과 장면을 나누어 제주에서의 하루를 가장 균형 있게 담아요.', 1660000, 4, 2, 3, 3, 1500, 17, 14, array['작가 1인 촬영', '색감 보정본 전체 제공', '인물 보정본 제공', '촬영 전 온라인 브리핑']::text[], array['본식 전 웨딩 스냅', '2~3벌 의상', '제주 대표 씬 조합']::text[], '[{"id":"film-signature","name":"필름 카메라 추가","price":120000,"description":"디지털 촬영과 별도로 필름 질감의 셀렉 컷을 더해요."},{"id":"night-signature","name":"야간 조명 씬","price":100000,"description":"해가 진 뒤 조명 장비를 활용한 한 장면을 추가해요."}]'::jsonb, 1);
insert into public.snap_packages (id, artist_id, name, description, price, duration_hours, outfit_count_minimum, outfit_count_maximum, scene_count, color_corrected_count, basic_retouched_count, selected_retouched_count, included_services, recommended_for, add_ons, sort_order) values ('golden-hour-jeju-day', 'golden-hour-jeju', '아카이브', '낮의 초록부터 노을까지, 여유 있게 여러 장면을 이어가는 촬영이에요.', 1980000, 5, 3, 4, 5, 2200, 28, 26, array['작가 1인 촬영', '색감 보정본 전체 제공', '인물 보정본 제공', '촬영 전 온라인 브리핑', '노을 또는 야간 씬 조율']::text[], array['여유 있는 제주 체류', '3~4벌 의상', '낮부터 노을까지']::text[], '[{"id":"film-day","name":"필름 카메라 추가","price":120000,"description":"디지털 촬영과 별도로 필름 질감의 셀렉 컷을 더해요."},{"id":"night-day","name":"야간 조명 씬","price":100000,"description":"해가 진 뒤 조명 장비를 활용한 한 장면을 추가해요."}]'::jsonb, 2);

insert into public.styling_shops (id, name, introduction, keywords, inventory_description, sort_order) values ('shop-ore-dress', '오르 드레스룸', '바람에 자연스럽게 움직이는 실루엣을 제안해요. 햇살 아래에서도 맑게 남는 피부 표현을 우선해요.', array['쉬폰', '야외 촬영', '물광']::text[], '드레스는 종류와 사이즈별로 약 600벌을 보유하고, 턱시도는 95·100·105 사이즈를 기본으로 준비해요.', 0);
insert into public.styling_products (shop_id, id, kind, name, description, regular_price, partner_price, included_services, add_ons, notice, sort_order) values ('shop-ore-dress', 'package-a', 'package', '패키지 A', '드레스와 예복, 헤어·메이크업을 한 번에 준비하는 구성입니다.', '{"total":700000,"vatAmount":70000,"taxIncluded":true}'::jsonb, '{"total":590000,"vatAmount":60000,"taxIncluded":true}'::jsonb, array['신랑·신부 헤어 메이크업', '메인 롱드레스 1벌', '턱시도 1벌']::text[], '[{"id":"studio-a","name":"스튜디오 촬영 옵션","price":150000,"description":"날씨 변수에 대비한 실내 스튜디오 촬영을 추가해요."}]'::jsonb, '턱시도와 빈티지 드레스는 구성에 따라 교차 변경할 수 있어요.', 0);
insert into public.styling_products (shop_id, id, kind, name, description, regular_price, partner_price, included_services, add_ons, notice, sort_order) values ('shop-ore-dress', 'package-b', 'package', '패키지 B', '드레스와 예복, 헤어·메이크업을 한 번에 준비하는 구성입니다.', '{"total":750000,"vatAmount":80000,"taxIncluded":true}'::jsonb, '{"total":640000,"vatAmount":60000,"taxIncluded":true}'::jsonb, array['신랑·신부 헤어 메이크업', '메인 롱드레스 1벌', '빈티지 드레스 1벌', '턱시도 1벌']::text[], '[{"id":"studio-b","name":"스튜디오 촬영 옵션","price":150000,"description":"날씨 변수에 대비한 실내 스튜디오 촬영을 추가해요."}]'::jsonb, '턱시도와 빈티지 드레스는 구성에 따라 교차 변경할 수 있어요.', 1);
insert into public.styling_products (shop_id, id, kind, name, description, regular_price, partner_price, included_services, add_ons, notice, sort_order) values ('shop-ore-dress', 'package-c', 'package', '패키지 C', '드레스와 예복, 헤어·메이크업을 한 번에 준비하는 구성입니다.', '{"total":860000,"vatAmount":90000,"taxIncluded":true}'::jsonb, '{"total":750000,"vatAmount":80000,"taxIncluded":true}'::jsonb, array['신랑·신부 헤어 메이크업', '메인 롱드레스 2벌', '빈티지 드레스 1벌', '턱시도 1벌']::text[], '[{"id":"studio-c","name":"스튜디오 촬영 옵션","price":150000,"description":"날씨 변수에 대비한 실내 스튜디오 촬영을 추가해요."}]'::jsonb, '턱시도와 빈티지 드레스는 구성에 따라 교차 변경할 수 있어요.', 2);
insert into public.styling_products (shop_id, id, kind, name, description, regular_price, partner_price, included_services, add_ons, notice, sort_order) values ('shop-ore-dress', 'package-special', 'package', '패키지 Special', '드레스와 예복, 헤어·메이크업을 한 번에 준비하는 구성입니다.', '{"total":1320000,"vatAmount":130000,"taxIncluded":true}'::jsonb, '{"total":1210000,"vatAmount":120000,"taxIncluded":true}'::jsonb, array['신랑·신부 헤어 메이크업', '메인 롱드레스 3벌 · 턱시도 2벌', '생화 부케 세트 · 셔츠 · 구두 · 베일 · 이어링']::text[], '[{"id":"studio-special","name":"스튜디오 촬영 옵션","price":180000,"description":"날씨 변수에 대비한 실내 스튜디오 촬영을 추가해요."}]'::jsonb, '턱시도와 빈티지 드레스는 구성에 따라 교차 변경할 수 있어요.', 3);
insert into public.styling_products (shop_id, id, kind, name, description, regular_price, partner_price, included_services, add_ons, notice, sort_order) values ('shop-ore-dress', 'single-dress-0', 'single', '드레스 대여', '드레스 한 벌을 취향과 촬영 씬에 맞춰 골라요.', '{"total":150000,"maximumTotal":400000,"vatAmount":0,"taxIncluded":false}'::jsonb, null, array['드레스 1벌', '기본 피팅', '사이즈 상담']::text[], '[{"id":"hanbok-0","name":"신랑·신부 한복 세트","price":330000,"description":"두 분 한복과 기본 소품을 함께 준비해요."}]'::jsonb, '드레스 디자인과 등급에 따라 금액이 달라지고 VAT는 별도예요.', 4);
insert into public.styling_products (shop_id, id, kind, name, description, regular_price, partner_price, included_services, add_ons, notice, sort_order) values ('shop-ore-dress', 'single-tuxedo-0', 'single', '턱시도 대여', '신랑 예복 상·하의 한 벌을 준비해요.', '{"total":110000,"vatAmount":0,"taxIncluded":false}'::jsonb, null, array['턱시도 상·하의 세트', '95·100·105 사이즈 피팅']::text[], '[{"id":"shirt-0","name":"셔츠 대여","price":10000,"description":"턱시도와 어울리는 기본 셔츠를 함께 대여해요."}]'::jsonb, '110 사이즈는 일부 기본 색상으로 상담 후 준비할 수 있어요.', 5);
insert into public.styling_products (shop_id, id, kind, name, description, regular_price, partner_price, included_services, add_ons, notice, sort_order) values ('shop-ore-dress', 'single-hair-makeup-0', 'single', '신랑·신부 헤어 메이크업', '두 분 기준의 촬영용 헤어·메이크업 구성입니다.', '{"total":390000,"vatAmount":40000,"taxIncluded":true}'::jsonb, '{"total":330000,"vatAmount":30000,"taxIncluded":true}'::jsonb, array['신부 메이크업 · 헤어', '신랑 메이크업 · 헤어', '수정 키트']::text[], '[{"id":"hanbok-0","name":"신랑·신부 한복 세트","price":330000,"description":"두 분 한복과 기본 소품을 함께 준비해요."},{"id":"flower-hair-0","name":"생화 헤어장식","price":30000,"description":"촬영 톤에 맞춘 생화 장식을 더해요."}]'::jsonb, '신부님만 진행해도 기본 비용은 동일할 수 있어 상담에서 확인해요.', 6);
insert into public.styling_shops (id, name, introduction, keywords, inventory_description, sort_order) values ('shop-sodam-dress', '소담 브라이덜', '제주의 담백한 풍경과 어울리는 단정한 드레스를 골라요. 피부의 결을 살리고 사진에서 또렷한 포인트를 더해요.', array['새틴', '클래식', '세미 매트']::text[], '야외 촬영용 드레스와 신랑 예복, 온결 메이크업의 헤어·메이크업을 한곳에서 준비할 수 있어요.', 1);
insert into public.styling_products (shop_id, id, kind, name, description, regular_price, partner_price, included_services, add_ons, notice, sort_order) values ('shop-sodam-dress', 'package-a', 'package', '패키지 A', '드레스와 예복, 헤어·메이크업을 한 번에 준비하는 구성입니다.', '{"total":710000,"vatAmount":70000,"taxIncluded":true}'::jsonb, '{"total":610000,"vatAmount":60000,"taxIncluded":true}'::jsonb, array['신랑·신부 헤어 메이크업', '메인 롱드레스 1벌', '턱시도 1벌']::text[], '[{"id":"studio-a","name":"스튜디오 촬영 옵션","price":150000,"description":"날씨 변수에 대비한 실내 스튜디오 촬영을 추가해요."}]'::jsonb, '턱시도와 빈티지 드레스는 구성에 따라 교차 변경할 수 있어요.', 0);
insert into public.styling_products (shop_id, id, kind, name, description, regular_price, partner_price, included_services, add_ons, notice, sort_order) values ('shop-sodam-dress', 'package-b', 'package', '패키지 B', '드레스와 예복, 헤어·메이크업을 한 번에 준비하는 구성입니다.', '{"total":760000,"vatAmount":80000,"taxIncluded":true}'::jsonb, '{"total":660000,"vatAmount":70000,"taxIncluded":true}'::jsonb, array['신랑·신부 헤어 메이크업', '메인 롱드레스 1벌', '빈티지 드레스 1벌', '턱시도 1벌']::text[], '[{"id":"studio-b","name":"스튜디오 촬영 옵션","price":150000,"description":"날씨 변수에 대비한 실내 스튜디오 촬영을 추가해요."}]'::jsonb, '턱시도와 빈티지 드레스는 구성에 따라 교차 변경할 수 있어요.', 1);
insert into public.styling_products (shop_id, id, kind, name, description, regular_price, partner_price, included_services, add_ons, notice, sort_order) values ('shop-sodam-dress', 'package-c', 'package', '패키지 C', '드레스와 예복, 헤어·메이크업을 한 번에 준비하는 구성입니다.', '{"total":870000,"vatAmount":90000,"taxIncluded":true}'::jsonb, '{"total":770000,"vatAmount":80000,"taxIncluded":true}'::jsonb, array['신랑·신부 헤어 메이크업', '메인 롱드레스 2벌', '빈티지 드레스 1벌', '턱시도 1벌']::text[], '[{"id":"studio-c","name":"스튜디오 촬영 옵션","price":150000,"description":"날씨 변수에 대비한 실내 스튜디오 촬영을 추가해요."}]'::jsonb, '턱시도와 빈티지 드레스는 구성에 따라 교차 변경할 수 있어요.', 2);
insert into public.styling_products (shop_id, id, kind, name, description, regular_price, partner_price, included_services, add_ons, notice, sort_order) values ('shop-sodam-dress', 'package-special', 'package', '패키지 Special', '드레스와 예복, 헤어·메이크업을 한 번에 준비하는 구성입니다.', '{"total":1330000,"vatAmount":130000,"taxIncluded":true}'::jsonb, '{"total":1230000,"vatAmount":120000,"taxIncluded":true}'::jsonb, array['신랑·신부 헤어 메이크업', '메인 롱드레스 3벌 · 턱시도 2벌', '생화 부케 세트 · 셔츠 · 구두 · 베일 · 이어링']::text[], '[{"id":"studio-special","name":"스튜디오 촬영 옵션","price":180000,"description":"날씨 변수에 대비한 실내 스튜디오 촬영을 추가해요."}]'::jsonb, '턱시도와 빈티지 드레스는 구성에 따라 교차 변경할 수 있어요.', 3);
insert into public.styling_products (shop_id, id, kind, name, description, regular_price, partner_price, included_services, add_ons, notice, sort_order) values ('shop-sodam-dress', 'single-dress-1', 'single', '드레스 대여', '드레스 한 벌을 취향과 촬영 씬에 맞춰 골라요.', '{"total":150000,"maximumTotal":400000,"vatAmount":0,"taxIncluded":false}'::jsonb, null, array['드레스 1벌', '기본 피팅', '사이즈 상담']::text[], '[{"id":"hanbok-1","name":"신랑·신부 한복 세트","price":330000,"description":"두 분 한복과 기본 소품을 함께 준비해요."}]'::jsonb, '드레스 디자인과 등급에 따라 금액이 달라지고 VAT는 별도예요.', 4);
insert into public.styling_products (shop_id, id, kind, name, description, regular_price, partner_price, included_services, add_ons, notice, sort_order) values ('shop-sodam-dress', 'single-tuxedo-1', 'single', '턱시도 대여', '신랑 예복 상·하의 한 벌을 준비해요.', '{"total":110000,"vatAmount":0,"taxIncluded":false}'::jsonb, null, array['턱시도 상·하의 세트', '95·100·105 사이즈 피팅']::text[], '[{"id":"shirt-1","name":"셔츠 대여","price":10000,"description":"턱시도와 어울리는 기본 셔츠를 함께 대여해요."}]'::jsonb, '110 사이즈는 일부 기본 색상으로 상담 후 준비할 수 있어요.', 5);
insert into public.styling_products (shop_id, id, kind, name, description, regular_price, partner_price, included_services, add_ons, notice, sort_order) values ('shop-sodam-dress', 'single-hair-makeup-1', 'single', '신랑·신부 헤어 메이크업', '두 분 기준의 촬영용 헤어·메이크업 구성입니다.', '{"total":390000,"vatAmount":40000,"taxIncluded":true}'::jsonb, '{"total":330000,"vatAmount":30000,"taxIncluded":true}'::jsonb, array['신부 메이크업 · 헤어', '신랑 메이크업 · 헤어', '수정 키트']::text[], '[{"id":"hanbok-1","name":"신랑·신부 한복 세트","price":330000,"description":"두 분 한복과 기본 소품을 함께 준비해요."},{"id":"flower-hair-1","name":"생화 헤어장식","price":30000,"description":"촬영 톤에 맞춘 생화 장식을 더해요."}]'::jsonb, '신부님만 진행해도 기본 비용은 동일할 수 있어 상담에서 확인해요.', 6);
insert into public.styling_shops (id, name, introduction, keywords, inventory_description, sort_order) values ('shop-midnight-dress', '미드나잇 드레스', '노을부터 밤까지 색감이 또렷한 드레스를 준비합니다. 클래식한 드레스와 균형을 이루는 섬세한 메이크업이에요.', array['실크', '이브닝', '세미 매트']::text[], '야외 촬영용 드레스와 신랑 예복, 부드러운 결의 헤어·메이크업을 한곳에서 준비할 수 있어요.', 2);
insert into public.styling_products (shop_id, id, kind, name, description, regular_price, partner_price, included_services, add_ons, notice, sort_order) values ('shop-midnight-dress', 'package-a', 'package', '패키지 A', '드레스와 예복, 헤어·메이크업을 한 번에 준비하는 구성입니다.', '{"total":720000,"vatAmount":70000,"taxIncluded":true}'::jsonb, '{"total":610000,"vatAmount":60000,"taxIncluded":true}'::jsonb, array['신랑·신부 헤어 메이크업', '메인 롱드레스 1벌', '턱시도 1벌']::text[], '[{"id":"studio-a","name":"스튜디오 촬영 옵션","price":150000,"description":"날씨 변수에 대비한 실내 스튜디오 촬영을 추가해요."}]'::jsonb, '턱시도와 빈티지 드레스는 구성에 따라 교차 변경할 수 있어요.', 0);
insert into public.styling_products (shop_id, id, kind, name, description, regular_price, partner_price, included_services, add_ons, notice, sort_order) values ('shop-midnight-dress', 'package-b', 'package', '패키지 B', '드레스와 예복, 헤어·메이크업을 한 번에 준비하는 구성입니다.', '{"total":770000,"vatAmount":80000,"taxIncluded":true}'::jsonb, '{"total":660000,"vatAmount":70000,"taxIncluded":true}'::jsonb, array['신랑·신부 헤어 메이크업', '메인 롱드레스 1벌', '빈티지 드레스 1벌', '턱시도 1벌']::text[], '[{"id":"studio-b","name":"스튜디오 촬영 옵션","price":150000,"description":"날씨 변수에 대비한 실내 스튜디오 촬영을 추가해요."}]'::jsonb, '턱시도와 빈티지 드레스는 구성에 따라 교차 변경할 수 있어요.', 1);
insert into public.styling_products (shop_id, id, kind, name, description, regular_price, partner_price, included_services, add_ons, notice, sort_order) values ('shop-midnight-dress', 'package-c', 'package', '패키지 C', '드레스와 예복, 헤어·메이크업을 한 번에 준비하는 구성입니다.', '{"total":880000,"vatAmount":90000,"taxIncluded":true}'::jsonb, '{"total":770000,"vatAmount":80000,"taxIncluded":true}'::jsonb, array['신랑·신부 헤어 메이크업', '메인 롱드레스 2벌', '빈티지 드레스 1벌', '턱시도 1벌']::text[], '[{"id":"studio-c","name":"스튜디오 촬영 옵션","price":150000,"description":"날씨 변수에 대비한 실내 스튜디오 촬영을 추가해요."}]'::jsonb, '턱시도와 빈티지 드레스는 구성에 따라 교차 변경할 수 있어요.', 2);
insert into public.styling_products (shop_id, id, kind, name, description, regular_price, partner_price, included_services, add_ons, notice, sort_order) values ('shop-midnight-dress', 'package-special', 'package', '패키지 Special', '드레스와 예복, 헤어·메이크업을 한 번에 준비하는 구성입니다.', '{"total":1340000,"vatAmount":130000,"taxIncluded":true}'::jsonb, '{"total":1230000,"vatAmount":120000,"taxIncluded":true}'::jsonb, array['신랑·신부 헤어 메이크업', '메인 롱드레스 3벌 · 턱시도 2벌', '생화 부케 세트 · 셔츠 · 구두 · 베일 · 이어링']::text[], '[{"id":"studio-special","name":"스튜디오 촬영 옵션","price":180000,"description":"날씨 변수에 대비한 실내 스튜디오 촬영을 추가해요."}]'::jsonb, '턱시도와 빈티지 드레스는 구성에 따라 교차 변경할 수 있어요.', 3);
insert into public.styling_products (shop_id, id, kind, name, description, regular_price, partner_price, included_services, add_ons, notice, sort_order) values ('shop-midnight-dress', 'single-dress-2', 'single', '드레스 대여', '드레스 한 벌을 취향과 촬영 씬에 맞춰 골라요.', '{"total":150000,"maximumTotal":400000,"vatAmount":0,"taxIncluded":false}'::jsonb, null, array['드레스 1벌', '기본 피팅', '사이즈 상담']::text[], '[{"id":"hanbok-2","name":"신랑·신부 한복 세트","price":330000,"description":"두 분 한복과 기본 소품을 함께 준비해요."}]'::jsonb, '드레스 디자인과 등급에 따라 금액이 달라지고 VAT는 별도예요.', 4);
insert into public.styling_products (shop_id, id, kind, name, description, regular_price, partner_price, included_services, add_ons, notice, sort_order) values ('shop-midnight-dress', 'single-tuxedo-2', 'single', '턱시도 대여', '신랑 예복 상·하의 한 벌을 준비해요.', '{"total":110000,"vatAmount":0,"taxIncluded":false}'::jsonb, null, array['턱시도 상·하의 세트', '95·100·105 사이즈 피팅']::text[], '[{"id":"shirt-2","name":"셔츠 대여","price":10000,"description":"턱시도와 어울리는 기본 셔츠를 함께 대여해요."}]'::jsonb, '110 사이즈는 일부 기본 색상으로 상담 후 준비할 수 있어요.', 5);
insert into public.styling_products (shop_id, id, kind, name, description, regular_price, partner_price, included_services, add_ons, notice, sort_order) values ('shop-midnight-dress', 'single-hair-makeup-2', 'single', '신랑·신부 헤어 메이크업', '두 분 기준의 촬영용 헤어·메이크업 구성입니다.', '{"total":390000,"vatAmount":40000,"taxIncluded":true}'::jsonb, '{"total":330000,"vatAmount":30000,"taxIncluded":true}'::jsonb, array['신부 메이크업 · 헤어', '신랑 메이크업 · 헤어', '수정 키트']::text[], '[{"id":"hanbok-2","name":"신랑·신부 한복 세트","price":330000,"description":"두 분 한복과 기본 소품을 함께 준비해요."},{"id":"flower-hair-2","name":"생화 헤어장식","price":30000,"description":"촬영 톤에 맞춘 생화 장식을 더해요."}]'::jsonb, '신부님만 진행해도 기본 비용은 동일할 수 있어 상담에서 확인해요.', 6);
insert into public.styling_shops (id, name, introduction, keywords, inventory_description, sort_order) values ('shop-camellia-dress', '카멜리아 드레스', '숲과 동백의 초록에 잘 어울리는 로맨틱한 구성을 제안해요. 이른 촬영에도 투명하게 남는 맑은 피부 표현을 제안해요.', array['레이스', '동백', '투명 피부']::text[], '야외 촬영용 드레스와 신랑 예복, 듀 던의 헤어·메이크업을 한곳에서 준비할 수 있어요.', 3);
insert into public.styling_products (shop_id, id, kind, name, description, regular_price, partner_price, included_services, add_ons, notice, sort_order) values ('shop-camellia-dress', 'package-a', 'package', '패키지 A', '드레스와 예복, 헤어·메이크업을 한 번에 준비하는 구성입니다.', '{"total":730000,"vatAmount":70000,"taxIncluded":true}'::jsonb, '{"total":640000,"vatAmount":60000,"taxIncluded":true}'::jsonb, array['신랑·신부 헤어 메이크업', '메인 롱드레스 1벌', '턱시도 1벌']::text[], '[{"id":"studio-a","name":"스튜디오 촬영 옵션","price":150000,"description":"날씨 변수에 대비한 실내 스튜디오 촬영을 추가해요."}]'::jsonb, '턱시도와 빈티지 드레스는 구성에 따라 교차 변경할 수 있어요.', 0);
insert into public.styling_products (shop_id, id, kind, name, description, regular_price, partner_price, included_services, add_ons, notice, sort_order) values ('shop-camellia-dress', 'package-b', 'package', '패키지 B', '드레스와 예복, 헤어·메이크업을 한 번에 준비하는 구성입니다.', '{"total":780000,"vatAmount":80000,"taxIncluded":true}'::jsonb, '{"total":690000,"vatAmount":70000,"taxIncluded":true}'::jsonb, array['신랑·신부 헤어 메이크업', '메인 롱드레스 1벌', '빈티지 드레스 1벌', '턱시도 1벌']::text[], '[{"id":"studio-b","name":"스튜디오 촬영 옵션","price":150000,"description":"날씨 변수에 대비한 실내 스튜디오 촬영을 추가해요."}]'::jsonb, '턱시도와 빈티지 드레스는 구성에 따라 교차 변경할 수 있어요.', 1);
insert into public.styling_products (shop_id, id, kind, name, description, regular_price, partner_price, included_services, add_ons, notice, sort_order) values ('shop-camellia-dress', 'package-c', 'package', '패키지 C', '드레스와 예복, 헤어·메이크업을 한 번에 준비하는 구성입니다.', '{"total":890000,"vatAmount":90000,"taxIncluded":true}'::jsonb, '{"total":800000,"vatAmount":80000,"taxIncluded":true}'::jsonb, array['신랑·신부 헤어 메이크업', '메인 롱드레스 2벌', '빈티지 드레스 1벌', '턱시도 1벌']::text[], '[{"id":"studio-c","name":"스튜디오 촬영 옵션","price":150000,"description":"날씨 변수에 대비한 실내 스튜디오 촬영을 추가해요."}]'::jsonb, '턱시도와 빈티지 드레스는 구성에 따라 교차 변경할 수 있어요.', 2);
insert into public.styling_products (shop_id, id, kind, name, description, regular_price, partner_price, included_services, add_ons, notice, sort_order) values ('shop-camellia-dress', 'package-special', 'package', '패키지 Special', '드레스와 예복, 헤어·메이크업을 한 번에 준비하는 구성입니다.', '{"total":1350000,"vatAmount":140000,"taxIncluded":true}'::jsonb, '{"total":1260000,"vatAmount":130000,"taxIncluded":true}'::jsonb, array['신랑·신부 헤어 메이크업', '메인 롱드레스 3벌 · 턱시도 2벌', '생화 부케 세트 · 셔츠 · 구두 · 베일 · 이어링']::text[], '[{"id":"studio-special","name":"스튜디오 촬영 옵션","price":180000,"description":"날씨 변수에 대비한 실내 스튜디오 촬영을 추가해요."}]'::jsonb, '턱시도와 빈티지 드레스는 구성에 따라 교차 변경할 수 있어요.', 3);
insert into public.styling_products (shop_id, id, kind, name, description, regular_price, partner_price, included_services, add_ons, notice, sort_order) values ('shop-camellia-dress', 'single-dress-3', 'single', '드레스 대여', '드레스 한 벌을 취향과 촬영 씬에 맞춰 골라요.', '{"total":150000,"maximumTotal":400000,"vatAmount":0,"taxIncluded":false}'::jsonb, null, array['드레스 1벌', '기본 피팅', '사이즈 상담']::text[], '[{"id":"hanbok-3","name":"신랑·신부 한복 세트","price":330000,"description":"두 분 한복과 기본 소품을 함께 준비해요."}]'::jsonb, '드레스 디자인과 등급에 따라 금액이 달라지고 VAT는 별도예요.', 4);
insert into public.styling_products (shop_id, id, kind, name, description, regular_price, partner_price, included_services, add_ons, notice, sort_order) values ('shop-camellia-dress', 'single-tuxedo-3', 'single', '턱시도 대여', '신랑 예복 상·하의 한 벌을 준비해요.', '{"total":110000,"vatAmount":0,"taxIncluded":false}'::jsonb, null, array['턱시도 상·하의 세트', '95·100·105 사이즈 피팅']::text[], '[{"id":"shirt-3","name":"셔츠 대여","price":10000,"description":"턱시도와 어울리는 기본 셔츠를 함께 대여해요."}]'::jsonb, '110 사이즈는 일부 기본 색상으로 상담 후 준비할 수 있어요.', 5);
insert into public.styling_products (shop_id, id, kind, name, description, regular_price, partner_price, included_services, add_ons, notice, sort_order) values ('shop-camellia-dress', 'single-hair-makeup-3', 'single', '신랑·신부 헤어 메이크업', '두 분 기준의 촬영용 헤어·메이크업 구성입니다.', '{"total":390000,"vatAmount":40000,"taxIncluded":true}'::jsonb, '{"total":330000,"vatAmount":30000,"taxIncluded":true}'::jsonb, array['신부 메이크업 · 헤어', '신랑 메이크업 · 헤어', '수정 키트']::text[], '[{"id":"hanbok-3","name":"신랑·신부 한복 세트","price":330000,"description":"두 분 한복과 기본 소품을 함께 준비해요."},{"id":"flower-hair-3","name":"생화 헤어장식","price":30000,"description":"촬영 톤에 맞춘 생화 장식을 더해요."}]'::jsonb, '신부님만 진행해도 기본 비용은 동일할 수 있어 상담에서 확인해요.', 6);
insert into public.styling_shops (id, name, introduction, keywords, inventory_description, sort_order) values ('shop-shore-dress', '쇼어 브라이덜', '해안 바람에도 가볍게 움직이는 드레스를 준비해요. 사진 속 눈매와 윤곽의 균형을 차분하게 잡아드립니다.', array['슬립 드레스', '바다', '정교한 음영']::text[], '야외 촬영용 드레스와 신랑 예복, 프레임 메이크업의 헤어·메이크업을 한곳에서 준비할 수 있어요.', 4);
insert into public.styling_products (shop_id, id, kind, name, description, regular_price, partner_price, included_services, add_ons, notice, sort_order) values ('shop-shore-dress', 'package-a', 'package', '패키지 A', '드레스와 예복, 헤어·메이크업을 한 번에 준비하는 구성입니다.', '{"total":740000,"vatAmount":70000,"taxIncluded":true}'::jsonb, '{"total":640000,"vatAmount":60000,"taxIncluded":true}'::jsonb, array['신랑·신부 헤어 메이크업', '메인 롱드레스 1벌', '턱시도 1벌']::text[], '[{"id":"studio-a","name":"스튜디오 촬영 옵션","price":150000,"description":"날씨 변수에 대비한 실내 스튜디오 촬영을 추가해요."}]'::jsonb, '턱시도와 빈티지 드레스는 구성에 따라 교차 변경할 수 있어요.', 0);
insert into public.styling_products (shop_id, id, kind, name, description, regular_price, partner_price, included_services, add_ons, notice, sort_order) values ('shop-shore-dress', 'package-b', 'package', '패키지 B', '드레스와 예복, 헤어·메이크업을 한 번에 준비하는 구성입니다.', '{"total":790000,"vatAmount":80000,"taxIncluded":true}'::jsonb, '{"total":690000,"vatAmount":70000,"taxIncluded":true}'::jsonb, array['신랑·신부 헤어 메이크업', '메인 롱드레스 1벌', '빈티지 드레스 1벌', '턱시도 1벌']::text[], '[{"id":"studio-b","name":"스튜디오 촬영 옵션","price":150000,"description":"날씨 변수에 대비한 실내 스튜디오 촬영을 추가해요."}]'::jsonb, '턱시도와 빈티지 드레스는 구성에 따라 교차 변경할 수 있어요.', 1);
insert into public.styling_products (shop_id, id, kind, name, description, regular_price, partner_price, included_services, add_ons, notice, sort_order) values ('shop-shore-dress', 'package-c', 'package', '패키지 C', '드레스와 예복, 헤어·메이크업을 한 번에 준비하는 구성입니다.', '{"total":900000,"vatAmount":90000,"taxIncluded":true}'::jsonb, '{"total":800000,"vatAmount":80000,"taxIncluded":true}'::jsonb, array['신랑·신부 헤어 메이크업', '메인 롱드레스 2벌', '빈티지 드레스 1벌', '턱시도 1벌']::text[], '[{"id":"studio-c","name":"스튜디오 촬영 옵션","price":150000,"description":"날씨 변수에 대비한 실내 스튜디오 촬영을 추가해요."}]'::jsonb, '턱시도와 빈티지 드레스는 구성에 따라 교차 변경할 수 있어요.', 2);
insert into public.styling_products (shop_id, id, kind, name, description, regular_price, partner_price, included_services, add_ons, notice, sort_order) values ('shop-shore-dress', 'package-special', 'package', '패키지 Special', '드레스와 예복, 헤어·메이크업을 한 번에 준비하는 구성입니다.', '{"total":1360000,"vatAmount":140000,"taxIncluded":true}'::jsonb, '{"total":1260000,"vatAmount":130000,"taxIncluded":true}'::jsonb, array['신랑·신부 헤어 메이크업', '메인 롱드레스 3벌 · 턱시도 2벌', '생화 부케 세트 · 셔츠 · 구두 · 베일 · 이어링']::text[], '[{"id":"studio-special","name":"스튜디오 촬영 옵션","price":180000,"description":"날씨 변수에 대비한 실내 스튜디오 촬영을 추가해요."}]'::jsonb, '턱시도와 빈티지 드레스는 구성에 따라 교차 변경할 수 있어요.', 3);
insert into public.styling_products (shop_id, id, kind, name, description, regular_price, partner_price, included_services, add_ons, notice, sort_order) values ('shop-shore-dress', 'single-dress-4', 'single', '드레스 대여', '드레스 한 벌을 취향과 촬영 씬에 맞춰 골라요.', '{"total":150000,"maximumTotal":400000,"vatAmount":0,"taxIncluded":false}'::jsonb, null, array['드레스 1벌', '기본 피팅', '사이즈 상담']::text[], '[{"id":"hanbok-4","name":"신랑·신부 한복 세트","price":330000,"description":"두 분 한복과 기본 소품을 함께 준비해요."}]'::jsonb, '드레스 디자인과 등급에 따라 금액이 달라지고 VAT는 별도예요.', 4);
insert into public.styling_products (shop_id, id, kind, name, description, regular_price, partner_price, included_services, add_ons, notice, sort_order) values ('shop-shore-dress', 'single-tuxedo-4', 'single', '턱시도 대여', '신랑 예복 상·하의 한 벌을 준비해요.', '{"total":110000,"vatAmount":0,"taxIncluded":false}'::jsonb, null, array['턱시도 상·하의 세트', '95·100·105 사이즈 피팅']::text[], '[{"id":"shirt-4","name":"셔츠 대여","price":10000,"description":"턱시도와 어울리는 기본 셔츠를 함께 대여해요."}]'::jsonb, '110 사이즈는 일부 기본 색상으로 상담 후 준비할 수 있어요.', 5);
insert into public.styling_products (shop_id, id, kind, name, description, regular_price, partner_price, included_services, add_ons, notice, sort_order) values ('shop-shore-dress', 'single-hair-makeup-4', 'single', '신랑·신부 헤어 메이크업', '두 분 기준의 촬영용 헤어·메이크업 구성입니다.', '{"total":390000,"vatAmount":40000,"taxIncluded":true}'::jsonb, '{"total":330000,"vatAmount":30000,"taxIncluded":true}'::jsonb, array['신부 메이크업 · 헤어', '신랑 메이크업 · 헤어', '수정 키트']::text[], '[{"id":"hanbok-4","name":"신랑·신부 한복 세트","price":330000,"description":"두 분 한복과 기본 소품을 함께 준비해요."},{"id":"flower-hair-4","name":"생화 헤어장식","price":30000,"description":"촬영 톤에 맞춘 생화 장식을 더해요."}]'::jsonb, '신부님만 진행해도 기본 비용은 동일할 수 있어 상담에서 확인해요.', 6);
insert into public.styling_shops (id, name, introduction, keywords, inventory_description, sort_order) values ('shop-atelier-nine', '아틀리에 나인', '절제된 실루엣과 정갈한 피팅으로 클래식한 사진을 완성해요. 따뜻한 햇살과 어울리는 피치 톤 포인트가 특징이에요.', array['미카도', '미니멀', '피치 톤']::text[], '야외 촬영용 드레스와 신랑 예복, 피치 아워의 헤어·메이크업을 한곳에서 준비할 수 있어요.', 5);
insert into public.styling_products (shop_id, id, kind, name, description, regular_price, partner_price, included_services, add_ons, notice, sort_order) values ('shop-atelier-nine', 'package-a', 'package', '패키지 A', '드레스와 예복, 헤어·메이크업을 한 번에 준비하는 구성입니다.', '{"total":750000,"vatAmount":80000,"taxIncluded":true}'::jsonb, '{"total":640000,"vatAmount":60000,"taxIncluded":true}'::jsonb, array['신랑·신부 헤어 메이크업', '메인 롱드레스 1벌', '턱시도 1벌']::text[], '[{"id":"studio-a","name":"스튜디오 촬영 옵션","price":150000,"description":"날씨 변수에 대비한 실내 스튜디오 촬영을 추가해요."}]'::jsonb, '턱시도와 빈티지 드레스는 구성에 따라 교차 변경할 수 있어요.', 0);
insert into public.styling_products (shop_id, id, kind, name, description, regular_price, partner_price, included_services, add_ons, notice, sort_order) values ('shop-atelier-nine', 'package-b', 'package', '패키지 B', '드레스와 예복, 헤어·메이크업을 한 번에 준비하는 구성입니다.', '{"total":800000,"vatAmount":80000,"taxIncluded":true}'::jsonb, '{"total":690000,"vatAmount":70000,"taxIncluded":true}'::jsonb, array['신랑·신부 헤어 메이크업', '메인 롱드레스 1벌', '빈티지 드레스 1벌', '턱시도 1벌']::text[], '[{"id":"studio-b","name":"스튜디오 촬영 옵션","price":150000,"description":"날씨 변수에 대비한 실내 스튜디오 촬영을 추가해요."}]'::jsonb, '턱시도와 빈티지 드레스는 구성에 따라 교차 변경할 수 있어요.', 1);
insert into public.styling_products (shop_id, id, kind, name, description, regular_price, partner_price, included_services, add_ons, notice, sort_order) values ('shop-atelier-nine', 'package-c', 'package', '패키지 C', '드레스와 예복, 헤어·메이크업을 한 번에 준비하는 구성입니다.', '{"total":910000,"vatAmount":90000,"taxIncluded":true}'::jsonb, '{"total":800000,"vatAmount":80000,"taxIncluded":true}'::jsonb, array['신랑·신부 헤어 메이크업', '메인 롱드레스 2벌', '빈티지 드레스 1벌', '턱시도 1벌']::text[], '[{"id":"studio-c","name":"스튜디오 촬영 옵션","price":150000,"description":"날씨 변수에 대비한 실내 스튜디오 촬영을 추가해요."}]'::jsonb, '턱시도와 빈티지 드레스는 구성에 따라 교차 변경할 수 있어요.', 2);
insert into public.styling_products (shop_id, id, kind, name, description, regular_price, partner_price, included_services, add_ons, notice, sort_order) values ('shop-atelier-nine', 'package-special', 'package', '패키지 Special', '드레스와 예복, 헤어·메이크업을 한 번에 준비하는 구성입니다.', '{"total":1370000,"vatAmount":140000,"taxIncluded":true}'::jsonb, '{"total":1260000,"vatAmount":130000,"taxIncluded":true}'::jsonb, array['신랑·신부 헤어 메이크업', '메인 롱드레스 3벌 · 턱시도 2벌', '생화 부케 세트 · 셔츠 · 구두 · 베일 · 이어링']::text[], '[{"id":"studio-special","name":"스튜디오 촬영 옵션","price":180000,"description":"날씨 변수에 대비한 실내 스튜디오 촬영을 추가해요."}]'::jsonb, '턱시도와 빈티지 드레스는 구성에 따라 교차 변경할 수 있어요.', 3);
insert into public.styling_products (shop_id, id, kind, name, description, regular_price, partner_price, included_services, add_ons, notice, sort_order) values ('shop-atelier-nine', 'single-dress-5', 'single', '드레스 대여', '드레스 한 벌을 취향과 촬영 씬에 맞춰 골라요.', '{"total":150000,"maximumTotal":400000,"vatAmount":0,"taxIncluded":false}'::jsonb, null, array['드레스 1벌', '기본 피팅', '사이즈 상담']::text[], '[{"id":"hanbok-5","name":"신랑·신부 한복 세트","price":330000,"description":"두 분 한복과 기본 소품을 함께 준비해요."}]'::jsonb, '드레스 디자인과 등급에 따라 금액이 달라지고 VAT는 별도예요.', 4);
insert into public.styling_products (shop_id, id, kind, name, description, regular_price, partner_price, included_services, add_ons, notice, sort_order) values ('shop-atelier-nine', 'single-tuxedo-5', 'single', '턱시도 대여', '신랑 예복 상·하의 한 벌을 준비해요.', '{"total":110000,"vatAmount":0,"taxIncluded":false}'::jsonb, null, array['턱시도 상·하의 세트', '95·100·105 사이즈 피팅']::text[], '[{"id":"shirt-5","name":"셔츠 대여","price":10000,"description":"턱시도와 어울리는 기본 셔츠를 함께 대여해요."}]'::jsonb, '110 사이즈는 일부 기본 색상으로 상담 후 준비할 수 있어요.', 5);
insert into public.styling_products (shop_id, id, kind, name, description, regular_price, partner_price, included_services, add_ons, notice, sort_order) values ('shop-atelier-nine', 'single-hair-makeup-5', 'single', '신랑·신부 헤어 메이크업', '두 분 기준의 촬영용 헤어·메이크업 구성입니다.', '{"total":390000,"vatAmount":40000,"taxIncluded":true}'::jsonb, '{"total":330000,"vatAmount":30000,"taxIncluded":true}'::jsonb, array['신부 메이크업 · 헤어', '신랑 메이크업 · 헤어', '수정 키트']::text[], '[{"id":"hanbok-5","name":"신랑·신부 한복 세트","price":330000,"description":"두 분 한복과 기본 소품을 함께 준비해요."},{"id":"flower-hair-5","name":"생화 헤어장식","price":30000,"description":"촬영 톤에 맞춘 생화 장식을 더해요."}]'::jsonb, '신부님만 진행해도 기본 비용은 동일할 수 있어 상담에서 확인해요.', 6);
insert into public.styling_shops (id, name, introduction, keywords, inventory_description, sort_order) values ('shop-bloom-dress', '블룸 드레스', '밝은 야외 촬영에 어울리는 산뜻한 드레스 구성이에요. 꾸민 듯 안 꾸민 듯한 내추럴 웨딩 메이크업을 완성해요.', array['튤', '밝은 톤', '누드 메이크업']::text[], '야외 촬영용 드레스와 신랑 예복, 누드 노트의 헤어·메이크업을 한곳에서 준비할 수 있어요.', 6);
insert into public.styling_products (shop_id, id, kind, name, description, regular_price, partner_price, included_services, add_ons, notice, sort_order) values ('shop-bloom-dress', 'package-a', 'package', '패키지 A', '드레스와 예복, 헤어·메이크업을 한 번에 준비하는 구성입니다.', '{"total":760000,"vatAmount":80000,"taxIncluded":true}'::jsonb, '{"total":670000,"vatAmount":70000,"taxIncluded":true}'::jsonb, array['신랑·신부 헤어 메이크업', '메인 롱드레스 1벌', '턱시도 1벌']::text[], '[{"id":"studio-a","name":"스튜디오 촬영 옵션","price":150000,"description":"날씨 변수에 대비한 실내 스튜디오 촬영을 추가해요."}]'::jsonb, '턱시도와 빈티지 드레스는 구성에 따라 교차 변경할 수 있어요.', 0);
insert into public.styling_products (shop_id, id, kind, name, description, regular_price, partner_price, included_services, add_ons, notice, sort_order) values ('shop-bloom-dress', 'package-b', 'package', '패키지 B', '드레스와 예복, 헤어·메이크업을 한 번에 준비하는 구성입니다.', '{"total":810000,"vatAmount":80000,"taxIncluded":true}'::jsonb, '{"total":720000,"vatAmount":70000,"taxIncluded":true}'::jsonb, array['신랑·신부 헤어 메이크업', '메인 롱드레스 1벌', '빈티지 드레스 1벌', '턱시도 1벌']::text[], '[{"id":"studio-b","name":"스튜디오 촬영 옵션","price":150000,"description":"날씨 변수에 대비한 실내 스튜디오 촬영을 추가해요."}]'::jsonb, '턱시도와 빈티지 드레스는 구성에 따라 교차 변경할 수 있어요.', 1);
insert into public.styling_products (shop_id, id, kind, name, description, regular_price, partner_price, included_services, add_ons, notice, sort_order) values ('shop-bloom-dress', 'package-c', 'package', '패키지 C', '드레스와 예복, 헤어·메이크업을 한 번에 준비하는 구성입니다.', '{"total":920000,"vatAmount":90000,"taxIncluded":true}'::jsonb, '{"total":830000,"vatAmount":80000,"taxIncluded":true}'::jsonb, array['신랑·신부 헤어 메이크업', '메인 롱드레스 2벌', '빈티지 드레스 1벌', '턱시도 1벌']::text[], '[{"id":"studio-c","name":"스튜디오 촬영 옵션","price":150000,"description":"날씨 변수에 대비한 실내 스튜디오 촬영을 추가해요."}]'::jsonb, '턱시도와 빈티지 드레스는 구성에 따라 교차 변경할 수 있어요.', 2);
insert into public.styling_products (shop_id, id, kind, name, description, regular_price, partner_price, included_services, add_ons, notice, sort_order) values ('shop-bloom-dress', 'package-special', 'package', '패키지 Special', '드레스와 예복, 헤어·메이크업을 한 번에 준비하는 구성입니다.', '{"total":1380000,"vatAmount":140000,"taxIncluded":true}'::jsonb, '{"total":1290000,"vatAmount":130000,"taxIncluded":true}'::jsonb, array['신랑·신부 헤어 메이크업', '메인 롱드레스 3벌 · 턱시도 2벌', '생화 부케 세트 · 셔츠 · 구두 · 베일 · 이어링']::text[], '[{"id":"studio-special","name":"스튜디오 촬영 옵션","price":180000,"description":"날씨 변수에 대비한 실내 스튜디오 촬영을 추가해요."}]'::jsonb, '턱시도와 빈티지 드레스는 구성에 따라 교차 변경할 수 있어요.', 3);
insert into public.styling_products (shop_id, id, kind, name, description, regular_price, partner_price, included_services, add_ons, notice, sort_order) values ('shop-bloom-dress', 'single-dress-6', 'single', '드레스 대여', '드레스 한 벌을 취향과 촬영 씬에 맞춰 골라요.', '{"total":150000,"maximumTotal":400000,"vatAmount":0,"taxIncluded":false}'::jsonb, null, array['드레스 1벌', '기본 피팅', '사이즈 상담']::text[], '[{"id":"hanbok-6","name":"신랑·신부 한복 세트","price":330000,"description":"두 분 한복과 기본 소품을 함께 준비해요."}]'::jsonb, '드레스 디자인과 등급에 따라 금액이 달라지고 VAT는 별도예요.', 4);
insert into public.styling_products (shop_id, id, kind, name, description, regular_price, partner_price, included_services, add_ons, notice, sort_order) values ('shop-bloom-dress', 'single-tuxedo-6', 'single', '턱시도 대여', '신랑 예복 상·하의 한 벌을 준비해요.', '{"total":110000,"vatAmount":0,"taxIncluded":false}'::jsonb, null, array['턱시도 상·하의 세트', '95·100·105 사이즈 피팅']::text[], '[{"id":"shirt-6","name":"셔츠 대여","price":10000,"description":"턱시도와 어울리는 기본 셔츠를 함께 대여해요."}]'::jsonb, '110 사이즈는 일부 기본 색상으로 상담 후 준비할 수 있어요.', 5);
insert into public.styling_products (shop_id, id, kind, name, description, regular_price, partner_price, included_services, add_ons, notice, sort_order) values ('shop-bloom-dress', 'single-hair-makeup-6', 'single', '신랑·신부 헤어 메이크업', '두 분 기준의 촬영용 헤어·메이크업 구성입니다.', '{"total":390000,"vatAmount":40000,"taxIncluded":true}'::jsonb, '{"total":330000,"vatAmount":30000,"taxIncluded":true}'::jsonb, array['신부 메이크업 · 헤어', '신랑 메이크업 · 헤어', '수정 키트']::text[], '[{"id":"hanbok-6","name":"신랑·신부 한복 세트","price":330000,"description":"두 분 한복과 기본 소품을 함께 준비해요."},{"id":"flower-hair-6","name":"생화 헤어장식","price":30000,"description":"촬영 톤에 맞춘 생화 장식을 더해요."}]'::jsonb, '신부님만 진행해도 기본 비용은 동일할 수 있어 상담에서 확인해요.', 6);
insert into public.styling_shops (id, name, introduction, keywords, inventory_description, sort_order) values ('shop-meadow-bridal', '메도우 브라이덜', '목장과 초원에서 자연스러운 선이 살아나는 드레스를 골라요. 차분한 색조와 고급스러운 결을 오래 유지합니다.', array['쉬폰', '목장', '뮤트 톤']::text[], '야외 촬영용 드레스와 신랑 예복, 허쉬 메이크업의 헤어·메이크업을 한곳에서 준비할 수 있어요.', 7);
insert into public.styling_products (shop_id, id, kind, name, description, regular_price, partner_price, included_services, add_ons, notice, sort_order) values ('shop-meadow-bridal', 'package-a', 'package', '패키지 A', '드레스와 예복, 헤어·메이크업을 한 번에 준비하는 구성입니다.', '{"total":770000,"vatAmount":80000,"taxIncluded":true}'::jsonb, '{"total":670000,"vatAmount":70000,"taxIncluded":true}'::jsonb, array['신랑·신부 헤어 메이크업', '메인 롱드레스 1벌', '턱시도 1벌']::text[], '[{"id":"studio-a","name":"스튜디오 촬영 옵션","price":150000,"description":"날씨 변수에 대비한 실내 스튜디오 촬영을 추가해요."}]'::jsonb, '턱시도와 빈티지 드레스는 구성에 따라 교차 변경할 수 있어요.', 0);
insert into public.styling_products (shop_id, id, kind, name, description, regular_price, partner_price, included_services, add_ons, notice, sort_order) values ('shop-meadow-bridal', 'package-b', 'package', '패키지 B', '드레스와 예복, 헤어·메이크업을 한 번에 준비하는 구성입니다.', '{"total":820000,"vatAmount":80000,"taxIncluded":true}'::jsonb, '{"total":720000,"vatAmount":70000,"taxIncluded":true}'::jsonb, array['신랑·신부 헤어 메이크업', '메인 롱드레스 1벌', '빈티지 드레스 1벌', '턱시도 1벌']::text[], '[{"id":"studio-b","name":"스튜디오 촬영 옵션","price":150000,"description":"날씨 변수에 대비한 실내 스튜디오 촬영을 추가해요."}]'::jsonb, '턱시도와 빈티지 드레스는 구성에 따라 교차 변경할 수 있어요.', 1);
insert into public.styling_products (shop_id, id, kind, name, description, regular_price, partner_price, included_services, add_ons, notice, sort_order) values ('shop-meadow-bridal', 'package-c', 'package', '패키지 C', '드레스와 예복, 헤어·메이크업을 한 번에 준비하는 구성입니다.', '{"total":930000,"vatAmount":90000,"taxIncluded":true}'::jsonb, '{"total":830000,"vatAmount":80000,"taxIncluded":true}'::jsonb, array['신랑·신부 헤어 메이크업', '메인 롱드레스 2벌', '빈티지 드레스 1벌', '턱시도 1벌']::text[], '[{"id":"studio-c","name":"스튜디오 촬영 옵션","price":150000,"description":"날씨 변수에 대비한 실내 스튜디오 촬영을 추가해요."}]'::jsonb, '턱시도와 빈티지 드레스는 구성에 따라 교차 변경할 수 있어요.', 2);
insert into public.styling_products (shop_id, id, kind, name, description, regular_price, partner_price, included_services, add_ons, notice, sort_order) values ('shop-meadow-bridal', 'package-special', 'package', '패키지 Special', '드레스와 예복, 헤어·메이크업을 한 번에 준비하는 구성입니다.', '{"total":1390000,"vatAmount":140000,"taxIncluded":true}'::jsonb, '{"total":1290000,"vatAmount":130000,"taxIncluded":true}'::jsonb, array['신랑·신부 헤어 메이크업', '메인 롱드레스 3벌 · 턱시도 2벌', '생화 부케 세트 · 셔츠 · 구두 · 베일 · 이어링']::text[], '[{"id":"studio-special","name":"스튜디오 촬영 옵션","price":180000,"description":"날씨 변수에 대비한 실내 스튜디오 촬영을 추가해요."}]'::jsonb, '턱시도와 빈티지 드레스는 구성에 따라 교차 변경할 수 있어요.', 3);
insert into public.styling_products (shop_id, id, kind, name, description, regular_price, partner_price, included_services, add_ons, notice, sort_order) values ('shop-meadow-bridal', 'single-dress-7', 'single', '드레스 대여', '드레스 한 벌을 취향과 촬영 씬에 맞춰 골라요.', '{"total":150000,"maximumTotal":400000,"vatAmount":0,"taxIncluded":false}'::jsonb, null, array['드레스 1벌', '기본 피팅', '사이즈 상담']::text[], '[{"id":"hanbok-7","name":"신랑·신부 한복 세트","price":330000,"description":"두 분 한복과 기본 소품을 함께 준비해요."}]'::jsonb, '드레스 디자인과 등급에 따라 금액이 달라지고 VAT는 별도예요.', 4);
insert into public.styling_products (shop_id, id, kind, name, description, regular_price, partner_price, included_services, add_ons, notice, sort_order) values ('shop-meadow-bridal', 'single-tuxedo-7', 'single', '턱시도 대여', '신랑 예복 상·하의 한 벌을 준비해요.', '{"total":110000,"vatAmount":0,"taxIncluded":false}'::jsonb, null, array['턱시도 상·하의 세트', '95·100·105 사이즈 피팅']::text[], '[{"id":"shirt-7","name":"셔츠 대여","price":10000,"description":"턱시도와 어울리는 기본 셔츠를 함께 대여해요."}]'::jsonb, '110 사이즈는 일부 기본 색상으로 상담 후 준비할 수 있어요.', 5);
insert into public.styling_products (shop_id, id, kind, name, description, regular_price, partner_price, included_services, add_ons, notice, sort_order) values ('shop-meadow-bridal', 'single-hair-makeup-7', 'single', '신랑·신부 헤어 메이크업', '두 분 기준의 촬영용 헤어·메이크업 구성입니다.', '{"total":390000,"vatAmount":40000,"taxIncluded":true}'::jsonb, '{"total":330000,"vatAmount":30000,"taxIncluded":true}'::jsonb, array['신부 메이크업 · 헤어', '신랑 메이크업 · 헤어', '수정 키트']::text[], '[{"id":"hanbok-7","name":"신랑·신부 한복 세트","price":330000,"description":"두 분 한복과 기본 소품을 함께 준비해요."},{"id":"flower-hair-7","name":"생화 헤어장식","price":30000,"description":"촬영 톤에 맞춘 생화 장식을 더해요."}]'::jsonb, '신부님만 진행해도 기본 비용은 동일할 수 있어 상담에서 확인해요.', 6);
insert into public.styling_shops (id, name, introduction, keywords, inventory_description, sort_order) values ('shop-silk-route', '실크 루트', '움직일 때마다 은은한 광택이 남는 실크 드레스를 제안합니다. 사랑스럽고 화사한 포인트를 자연스럽게 더해요.', array['실크', '새틴', '코랄']::text[], '야외 촬영용 드레스와 신랑 예복, 플라워 페이스의 헤어·메이크업을 한곳에서 준비할 수 있어요.', 8);
insert into public.styling_products (shop_id, id, kind, name, description, regular_price, partner_price, included_services, add_ons, notice, sort_order) values ('shop-silk-route', 'package-a', 'package', '패키지 A', '드레스와 예복, 헤어·메이크업을 한 번에 준비하는 구성입니다.', '{"total":780000,"vatAmount":80000,"taxIncluded":true}'::jsonb, '{"total":670000,"vatAmount":70000,"taxIncluded":true}'::jsonb, array['신랑·신부 헤어 메이크업', '메인 롱드레스 1벌', '턱시도 1벌']::text[], '[{"id":"studio-a","name":"스튜디오 촬영 옵션","price":150000,"description":"날씨 변수에 대비한 실내 스튜디오 촬영을 추가해요."}]'::jsonb, '턱시도와 빈티지 드레스는 구성에 따라 교차 변경할 수 있어요.', 0);
insert into public.styling_products (shop_id, id, kind, name, description, regular_price, partner_price, included_services, add_ons, notice, sort_order) values ('shop-silk-route', 'package-b', 'package', '패키지 B', '드레스와 예복, 헤어·메이크업을 한 번에 준비하는 구성입니다.', '{"total":830000,"vatAmount":80000,"taxIncluded":true}'::jsonb, '{"total":720000,"vatAmount":70000,"taxIncluded":true}'::jsonb, array['신랑·신부 헤어 메이크업', '메인 롱드레스 1벌', '빈티지 드레스 1벌', '턱시도 1벌']::text[], '[{"id":"studio-b","name":"스튜디오 촬영 옵션","price":150000,"description":"날씨 변수에 대비한 실내 스튜디오 촬영을 추가해요."}]'::jsonb, '턱시도와 빈티지 드레스는 구성에 따라 교차 변경할 수 있어요.', 1);
insert into public.styling_products (shop_id, id, kind, name, description, regular_price, partner_price, included_services, add_ons, notice, sort_order) values ('shop-silk-route', 'package-c', 'package', '패키지 C', '드레스와 예복, 헤어·메이크업을 한 번에 준비하는 구성입니다.', '{"total":940000,"vatAmount":90000,"taxIncluded":true}'::jsonb, '{"total":830000,"vatAmount":80000,"taxIncluded":true}'::jsonb, array['신랑·신부 헤어 메이크업', '메인 롱드레스 2벌', '빈티지 드레스 1벌', '턱시도 1벌']::text[], '[{"id":"studio-c","name":"스튜디오 촬영 옵션","price":150000,"description":"날씨 변수에 대비한 실내 스튜디오 촬영을 추가해요."}]'::jsonb, '턱시도와 빈티지 드레스는 구성에 따라 교차 변경할 수 있어요.', 2);
insert into public.styling_products (shop_id, id, kind, name, description, regular_price, partner_price, included_services, add_ons, notice, sort_order) values ('shop-silk-route', 'package-special', 'package', '패키지 Special', '드레스와 예복, 헤어·메이크업을 한 번에 준비하는 구성입니다.', '{"total":1400000,"vatAmount":140000,"taxIncluded":true}'::jsonb, '{"total":1290000,"vatAmount":130000,"taxIncluded":true}'::jsonb, array['신랑·신부 헤어 메이크업', '메인 롱드레스 3벌 · 턱시도 2벌', '생화 부케 세트 · 셔츠 · 구두 · 베일 · 이어링']::text[], '[{"id":"studio-special","name":"스튜디오 촬영 옵션","price":180000,"description":"날씨 변수에 대비한 실내 스튜디오 촬영을 추가해요."}]'::jsonb, '턱시도와 빈티지 드레스는 구성에 따라 교차 변경할 수 있어요.', 3);
insert into public.styling_products (shop_id, id, kind, name, description, regular_price, partner_price, included_services, add_ons, notice, sort_order) values ('shop-silk-route', 'single-dress-8', 'single', '드레스 대여', '드레스 한 벌을 취향과 촬영 씬에 맞춰 골라요.', '{"total":150000,"maximumTotal":400000,"vatAmount":0,"taxIncluded":false}'::jsonb, null, array['드레스 1벌', '기본 피팅', '사이즈 상담']::text[], '[{"id":"hanbok-8","name":"신랑·신부 한복 세트","price":330000,"description":"두 분 한복과 기본 소품을 함께 준비해요."}]'::jsonb, '드레스 디자인과 등급에 따라 금액이 달라지고 VAT는 별도예요.', 4);
insert into public.styling_products (shop_id, id, kind, name, description, regular_price, partner_price, included_services, add_ons, notice, sort_order) values ('shop-silk-route', 'single-tuxedo-8', 'single', '턱시도 대여', '신랑 예복 상·하의 한 벌을 준비해요.', '{"total":110000,"vatAmount":0,"taxIncluded":false}'::jsonb, null, array['턱시도 상·하의 세트', '95·100·105 사이즈 피팅']::text[], '[{"id":"shirt-8","name":"셔츠 대여","price":10000,"description":"턱시도와 어울리는 기본 셔츠를 함께 대여해요."}]'::jsonb, '110 사이즈는 일부 기본 색상으로 상담 후 준비할 수 있어요.', 5);
insert into public.styling_products (shop_id, id, kind, name, description, regular_price, partner_price, included_services, add_ons, notice, sort_order) values ('shop-silk-route', 'single-hair-makeup-8', 'single', '신랑·신부 헤어 메이크업', '두 분 기준의 촬영용 헤어·메이크업 구성입니다.', '{"total":390000,"vatAmount":40000,"taxIncluded":true}'::jsonb, '{"total":330000,"vatAmount":30000,"taxIncluded":true}'::jsonb, array['신부 메이크업 · 헤어', '신랑 메이크업 · 헤어', '수정 키트']::text[], '[{"id":"hanbok-8","name":"신랑·신부 한복 세트","price":330000,"description":"두 분 한복과 기본 소품을 함께 준비해요."},{"id":"flower-hair-8","name":"생화 헤어장식","price":30000,"description":"촬영 톤에 맞춘 생화 장식을 더해요."}]'::jsonb, '신부님만 진행해도 기본 비용은 동일할 수 있어 상담에서 확인해요.', 6);
insert into public.styling_shops (id, name, introduction, keywords, inventory_description, sort_order) values ('shop-dear-dress', '디어 드레스', '작고 섬세한 디테일이 사진에 남는 웨딩룩을 만들어요. 피부 본연의 톤을 해치지 않는 섬세한 보정을 추구해요.', array['비즈', '베일', '피부 표현']::text[], '야외 촬영용 드레스와 신랑 예복, 캄 스트로크의 헤어·메이크업을 한곳에서 준비할 수 있어요.', 9);
insert into public.styling_products (shop_id, id, kind, name, description, regular_price, partner_price, included_services, add_ons, notice, sort_order) values ('shop-dear-dress', 'package-a', 'package', '패키지 A', '드레스와 예복, 헤어·메이크업을 한 번에 준비하는 구성입니다.', '{"total":790000,"vatAmount":80000,"taxIncluded":true}'::jsonb, '{"total":700000,"vatAmount":70000,"taxIncluded":true}'::jsonb, array['신랑·신부 헤어 메이크업', '메인 롱드레스 1벌', '턱시도 1벌']::text[], '[{"id":"studio-a","name":"스튜디오 촬영 옵션","price":150000,"description":"날씨 변수에 대비한 실내 스튜디오 촬영을 추가해요."}]'::jsonb, '턱시도와 빈티지 드레스는 구성에 따라 교차 변경할 수 있어요.', 0);
insert into public.styling_products (shop_id, id, kind, name, description, regular_price, partner_price, included_services, add_ons, notice, sort_order) values ('shop-dear-dress', 'package-b', 'package', '패키지 B', '드레스와 예복, 헤어·메이크업을 한 번에 준비하는 구성입니다.', '{"total":840000,"vatAmount":80000,"taxIncluded":true}'::jsonb, '{"total":750000,"vatAmount":80000,"taxIncluded":true}'::jsonb, array['신랑·신부 헤어 메이크업', '메인 롱드레스 1벌', '빈티지 드레스 1벌', '턱시도 1벌']::text[], '[{"id":"studio-b","name":"스튜디오 촬영 옵션","price":150000,"description":"날씨 변수에 대비한 실내 스튜디오 촬영을 추가해요."}]'::jsonb, '턱시도와 빈티지 드레스는 구성에 따라 교차 변경할 수 있어요.', 1);
insert into public.styling_products (shop_id, id, kind, name, description, regular_price, partner_price, included_services, add_ons, notice, sort_order) values ('shop-dear-dress', 'package-c', 'package', '패키지 C', '드레스와 예복, 헤어·메이크업을 한 번에 준비하는 구성입니다.', '{"total":950000,"vatAmount":100000,"taxIncluded":true}'::jsonb, '{"total":860000,"vatAmount":90000,"taxIncluded":true}'::jsonb, array['신랑·신부 헤어 메이크업', '메인 롱드레스 2벌', '빈티지 드레스 1벌', '턱시도 1벌']::text[], '[{"id":"studio-c","name":"스튜디오 촬영 옵션","price":150000,"description":"날씨 변수에 대비한 실내 스튜디오 촬영을 추가해요."}]'::jsonb, '턱시도와 빈티지 드레스는 구성에 따라 교차 변경할 수 있어요.', 2);
insert into public.styling_products (shop_id, id, kind, name, description, regular_price, partner_price, included_services, add_ons, notice, sort_order) values ('shop-dear-dress', 'package-special', 'package', '패키지 Special', '드레스와 예복, 헤어·메이크업을 한 번에 준비하는 구성입니다.', '{"total":1410000,"vatAmount":140000,"taxIncluded":true}'::jsonb, '{"total":1320000,"vatAmount":130000,"taxIncluded":true}'::jsonb, array['신랑·신부 헤어 메이크업', '메인 롱드레스 3벌 · 턱시도 2벌', '생화 부케 세트 · 셔츠 · 구두 · 베일 · 이어링']::text[], '[{"id":"studio-special","name":"스튜디오 촬영 옵션","price":180000,"description":"날씨 변수에 대비한 실내 스튜디오 촬영을 추가해요."}]'::jsonb, '턱시도와 빈티지 드레스는 구성에 따라 교차 변경할 수 있어요.', 3);
insert into public.styling_products (shop_id, id, kind, name, description, regular_price, partner_price, included_services, add_ons, notice, sort_order) values ('shop-dear-dress', 'single-dress-9', 'single', '드레스 대여', '드레스 한 벌을 취향과 촬영 씬에 맞춰 골라요.', '{"total":150000,"maximumTotal":400000,"vatAmount":0,"taxIncluded":false}'::jsonb, null, array['드레스 1벌', '기본 피팅', '사이즈 상담']::text[], '[{"id":"hanbok-9","name":"신랑·신부 한복 세트","price":330000,"description":"두 분 한복과 기본 소품을 함께 준비해요."}]'::jsonb, '드레스 디자인과 등급에 따라 금액이 달라지고 VAT는 별도예요.', 4);
insert into public.styling_products (shop_id, id, kind, name, description, regular_price, partner_price, included_services, add_ons, notice, sort_order) values ('shop-dear-dress', 'single-tuxedo-9', 'single', '턱시도 대여', '신랑 예복 상·하의 한 벌을 준비해요.', '{"total":110000,"vatAmount":0,"taxIncluded":false}'::jsonb, null, array['턱시도 상·하의 세트', '95·100·105 사이즈 피팅']::text[], '[{"id":"shirt-9","name":"셔츠 대여","price":10000,"description":"턱시도와 어울리는 기본 셔츠를 함께 대여해요."}]'::jsonb, '110 사이즈는 일부 기본 색상으로 상담 후 준비할 수 있어요.', 5);
insert into public.styling_products (shop_id, id, kind, name, description, regular_price, partner_price, included_services, add_ons, notice, sort_order) values ('shop-dear-dress', 'single-hair-makeup-9', 'single', '신랑·신부 헤어 메이크업', '두 분 기준의 촬영용 헤어·메이크업 구성입니다.', '{"total":390000,"vatAmount":40000,"taxIncluded":true}'::jsonb, '{"total":330000,"vatAmount":30000,"taxIncluded":true}'::jsonb, array['신부 메이크업 · 헤어', '신랑 메이크업 · 헤어', '수정 키트']::text[], '[{"id":"hanbok-9","name":"신랑·신부 한복 세트","price":330000,"description":"두 분 한복과 기본 소품을 함께 준비해요."},{"id":"flower-hair-9","name":"생화 헤어장식","price":30000,"description":"촬영 톤에 맞춘 생화 장식을 더해요."}]'::jsonb, '신부님만 진행해도 기본 비용은 동일할 수 있어 상담에서 확인해요.', 6);
insert into public.styling_shops (id, name, introduction, keywords, inventory_description, sort_order) values ('shop-white-fern', '화이트 펀', '숲길 촬영을 위한 부드러운 질감의 드레스를 준비해요. 촬영 씬 변화에 맞춘 빠른 헤어 변형을 준비합니다.', array['오간자', '숲길', '헤어 변형 2회']::text[], '야외 촬영용 드레스와 신랑 예복, 원 씬의 헤어·메이크업을 한곳에서 준비할 수 있어요.', 10);
insert into public.styling_products (shop_id, id, kind, name, description, regular_price, partner_price, included_services, add_ons, notice, sort_order) values ('shop-white-fern', 'package-a', 'package', '패키지 A', '드레스와 예복, 헤어·메이크업을 한 번에 준비하는 구성입니다.', '{"total":800000,"vatAmount":80000,"taxIncluded":true}'::jsonb, '{"total":700000,"vatAmount":70000,"taxIncluded":true}'::jsonb, array['신랑·신부 헤어 메이크업', '메인 롱드레스 1벌', '턱시도 1벌']::text[], '[{"id":"studio-a","name":"스튜디오 촬영 옵션","price":150000,"description":"날씨 변수에 대비한 실내 스튜디오 촬영을 추가해요."}]'::jsonb, '턱시도와 빈티지 드레스는 구성에 따라 교차 변경할 수 있어요.', 0);
insert into public.styling_products (shop_id, id, kind, name, description, regular_price, partner_price, included_services, add_ons, notice, sort_order) values ('shop-white-fern', 'package-b', 'package', '패키지 B', '드레스와 예복, 헤어·메이크업을 한 번에 준비하는 구성입니다.', '{"total":850000,"vatAmount":90000,"taxIncluded":true}'::jsonb, '{"total":750000,"vatAmount":80000,"taxIncluded":true}'::jsonb, array['신랑·신부 헤어 메이크업', '메인 롱드레스 1벌', '빈티지 드레스 1벌', '턱시도 1벌']::text[], '[{"id":"studio-b","name":"스튜디오 촬영 옵션","price":150000,"description":"날씨 변수에 대비한 실내 스튜디오 촬영을 추가해요."}]'::jsonb, '턱시도와 빈티지 드레스는 구성에 따라 교차 변경할 수 있어요.', 1);
insert into public.styling_products (shop_id, id, kind, name, description, regular_price, partner_price, included_services, add_ons, notice, sort_order) values ('shop-white-fern', 'package-c', 'package', '패키지 C', '드레스와 예복, 헤어·메이크업을 한 번에 준비하는 구성입니다.', '{"total":960000,"vatAmount":100000,"taxIncluded":true}'::jsonb, '{"total":860000,"vatAmount":90000,"taxIncluded":true}'::jsonb, array['신랑·신부 헤어 메이크업', '메인 롱드레스 2벌', '빈티지 드레스 1벌', '턱시도 1벌']::text[], '[{"id":"studio-c","name":"스튜디오 촬영 옵션","price":150000,"description":"날씨 변수에 대비한 실내 스튜디오 촬영을 추가해요."}]'::jsonb, '턱시도와 빈티지 드레스는 구성에 따라 교차 변경할 수 있어요.', 2);
insert into public.styling_products (shop_id, id, kind, name, description, regular_price, partner_price, included_services, add_ons, notice, sort_order) values ('shop-white-fern', 'package-special', 'package', '패키지 Special', '드레스와 예복, 헤어·메이크업을 한 번에 준비하는 구성입니다.', '{"total":1420000,"vatAmount":140000,"taxIncluded":true}'::jsonb, '{"total":1320000,"vatAmount":130000,"taxIncluded":true}'::jsonb, array['신랑·신부 헤어 메이크업', '메인 롱드레스 3벌 · 턱시도 2벌', '생화 부케 세트 · 셔츠 · 구두 · 베일 · 이어링']::text[], '[{"id":"studio-special","name":"스튜디오 촬영 옵션","price":180000,"description":"날씨 변수에 대비한 실내 스튜디오 촬영을 추가해요."}]'::jsonb, '턱시도와 빈티지 드레스는 구성에 따라 교차 변경할 수 있어요.', 3);
insert into public.styling_products (shop_id, id, kind, name, description, regular_price, partner_price, included_services, add_ons, notice, sort_order) values ('shop-white-fern', 'single-dress-10', 'single', '드레스 대여', '드레스 한 벌을 취향과 촬영 씬에 맞춰 골라요.', '{"total":150000,"maximumTotal":400000,"vatAmount":0,"taxIncluded":false}'::jsonb, null, array['드레스 1벌', '기본 피팅', '사이즈 상담']::text[], '[{"id":"hanbok-10","name":"신랑·신부 한복 세트","price":330000,"description":"두 분 한복과 기본 소품을 함께 준비해요."}]'::jsonb, '드레스 디자인과 등급에 따라 금액이 달라지고 VAT는 별도예요.', 4);
insert into public.styling_products (shop_id, id, kind, name, description, regular_price, partner_price, included_services, add_ons, notice, sort_order) values ('shop-white-fern', 'single-tuxedo-10', 'single', '턱시도 대여', '신랑 예복 상·하의 한 벌을 준비해요.', '{"total":110000,"vatAmount":0,"taxIncluded":false}'::jsonb, null, array['턱시도 상·하의 세트', '95·100·105 사이즈 피팅']::text[], '[{"id":"shirt-10","name":"셔츠 대여","price":10000,"description":"턱시도와 어울리는 기본 셔츠를 함께 대여해요."}]'::jsonb, '110 사이즈는 일부 기본 색상으로 상담 후 준비할 수 있어요.', 5);
insert into public.styling_products (shop_id, id, kind, name, description, regular_price, partner_price, included_services, add_ons, notice, sort_order) values ('shop-white-fern', 'single-hair-makeup-10', 'single', '신랑·신부 헤어 메이크업', '두 분 기준의 촬영용 헤어·메이크업 구성입니다.', '{"total":390000,"vatAmount":40000,"taxIncluded":true}'::jsonb, '{"total":330000,"vatAmount":30000,"taxIncluded":true}'::jsonb, array['신부 메이크업 · 헤어', '신랑 메이크업 · 헤어', '수정 키트']::text[], '[{"id":"hanbok-10","name":"신랑·신부 한복 세트","price":330000,"description":"두 분 한복과 기본 소품을 함께 준비해요."},{"id":"flower-hair-10","name":"생화 헤어장식","price":30000,"description":"촬영 톤에 맞춘 생화 장식을 더해요."}]'::jsonb, '신부님만 진행해도 기본 비용은 동일할 수 있어 상담에서 확인해요.', 6);
insert into public.styling_shops (id, name, introduction, keywords, inventory_description, sort_order) values ('shop-muse-bridal', '뮤즈 브라이덜', '나만의 한 벌을 찾는 커플을 위한 균형 잡힌 피팅이에요. 필름 사진에 어울리는 부드러운 색조를 제안해요.', array['세미 A라인', '피팅 3벌', '필름 무드']::text[], '야외 촬영용 드레스와 신랑 예복, 멜로우 메이크업의 헤어·메이크업을 한곳에서 준비할 수 있어요.', 11);
insert into public.styling_products (shop_id, id, kind, name, description, regular_price, partner_price, included_services, add_ons, notice, sort_order) values ('shop-muse-bridal', 'package-a', 'package', '패키지 A', '드레스와 예복, 헤어·메이크업을 한 번에 준비하는 구성입니다.', '{"total":810000,"vatAmount":80000,"taxIncluded":true}'::jsonb, '{"total":700000,"vatAmount":70000,"taxIncluded":true}'::jsonb, array['신랑·신부 헤어 메이크업', '메인 롱드레스 1벌', '턱시도 1벌']::text[], '[{"id":"studio-a","name":"스튜디오 촬영 옵션","price":150000,"description":"날씨 변수에 대비한 실내 스튜디오 촬영을 추가해요."}]'::jsonb, '턱시도와 빈티지 드레스는 구성에 따라 교차 변경할 수 있어요.', 0);
insert into public.styling_products (shop_id, id, kind, name, description, regular_price, partner_price, included_services, add_ons, notice, sort_order) values ('shop-muse-bridal', 'package-b', 'package', '패키지 B', '드레스와 예복, 헤어·메이크업을 한 번에 준비하는 구성입니다.', '{"total":860000,"vatAmount":90000,"taxIncluded":true}'::jsonb, '{"total":750000,"vatAmount":80000,"taxIncluded":true}'::jsonb, array['신랑·신부 헤어 메이크업', '메인 롱드레스 1벌', '빈티지 드레스 1벌', '턱시도 1벌']::text[], '[{"id":"studio-b","name":"스튜디오 촬영 옵션","price":150000,"description":"날씨 변수에 대비한 실내 스튜디오 촬영을 추가해요."}]'::jsonb, '턱시도와 빈티지 드레스는 구성에 따라 교차 변경할 수 있어요.', 1);
insert into public.styling_products (shop_id, id, kind, name, description, regular_price, partner_price, included_services, add_ons, notice, sort_order) values ('shop-muse-bridal', 'package-c', 'package', '패키지 C', '드레스와 예복, 헤어·메이크업을 한 번에 준비하는 구성입니다.', '{"total":970000,"vatAmount":100000,"taxIncluded":true}'::jsonb, '{"total":860000,"vatAmount":90000,"taxIncluded":true}'::jsonb, array['신랑·신부 헤어 메이크업', '메인 롱드레스 2벌', '빈티지 드레스 1벌', '턱시도 1벌']::text[], '[{"id":"studio-c","name":"스튜디오 촬영 옵션","price":150000,"description":"날씨 변수에 대비한 실내 스튜디오 촬영을 추가해요."}]'::jsonb, '턱시도와 빈티지 드레스는 구성에 따라 교차 변경할 수 있어요.', 2);
insert into public.styling_products (shop_id, id, kind, name, description, regular_price, partner_price, included_services, add_ons, notice, sort_order) values ('shop-muse-bridal', 'package-special', 'package', '패키지 Special', '드레스와 예복, 헤어·메이크업을 한 번에 준비하는 구성입니다.', '{"total":1430000,"vatAmount":140000,"taxIncluded":true}'::jsonb, '{"total":1320000,"vatAmount":130000,"taxIncluded":true}'::jsonb, array['신랑·신부 헤어 메이크업', '메인 롱드레스 3벌 · 턱시도 2벌', '생화 부케 세트 · 셔츠 · 구두 · 베일 · 이어링']::text[], '[{"id":"studio-special","name":"스튜디오 촬영 옵션","price":180000,"description":"날씨 변수에 대비한 실내 스튜디오 촬영을 추가해요."}]'::jsonb, '턱시도와 빈티지 드레스는 구성에 따라 교차 변경할 수 있어요.', 3);
insert into public.styling_products (shop_id, id, kind, name, description, regular_price, partner_price, included_services, add_ons, notice, sort_order) values ('shop-muse-bridal', 'single-dress-11', 'single', '드레스 대여', '드레스 한 벌을 취향과 촬영 씬에 맞춰 골라요.', '{"total":150000,"maximumTotal":400000,"vatAmount":0,"taxIncluded":false}'::jsonb, null, array['드레스 1벌', '기본 피팅', '사이즈 상담']::text[], '[{"id":"hanbok-11","name":"신랑·신부 한복 세트","price":330000,"description":"두 분 한복과 기본 소품을 함께 준비해요."}]'::jsonb, '드레스 디자인과 등급에 따라 금액이 달라지고 VAT는 별도예요.', 4);
insert into public.styling_products (shop_id, id, kind, name, description, regular_price, partner_price, included_services, add_ons, notice, sort_order) values ('shop-muse-bridal', 'single-tuxedo-11', 'single', '턱시도 대여', '신랑 예복 상·하의 한 벌을 준비해요.', '{"total":110000,"vatAmount":0,"taxIncluded":false}'::jsonb, null, array['턱시도 상·하의 세트', '95·100·105 사이즈 피팅']::text[], '[{"id":"shirt-11","name":"셔츠 대여","price":10000,"description":"턱시도와 어울리는 기본 셔츠를 함께 대여해요."}]'::jsonb, '110 사이즈는 일부 기본 색상으로 상담 후 준비할 수 있어요.', 5);
insert into public.styling_products (shop_id, id, kind, name, description, regular_price, partner_price, included_services, add_ons, notice, sort_order) values ('shop-muse-bridal', 'single-hair-makeup-11', 'single', '신랑·신부 헤어 메이크업', '두 분 기준의 촬영용 헤어·메이크업 구성입니다.', '{"total":390000,"vatAmount":40000,"taxIncluded":true}'::jsonb, '{"total":330000,"vatAmount":30000,"taxIncluded":true}'::jsonb, array['신부 메이크업 · 헤어', '신랑 메이크업 · 헤어', '수정 키트']::text[], '[{"id":"hanbok-11","name":"신랑·신부 한복 세트","price":330000,"description":"두 분 한복과 기본 소품을 함께 준비해요."},{"id":"flower-hair-11","name":"생화 헤어장식","price":30000,"description":"촬영 톤에 맞춘 생화 장식을 더해요."}]'::jsonb, '신부님만 진행해도 기본 비용은 동일할 수 있어 상담에서 확인해요.', 6);
insert into public.styling_shops (id, name, introduction, keywords, inventory_description, sort_order) values ('shop-day-one-dress', '데이원 드레스', '첫 번째 피팅부터 편안하게 입을 수 있는 드레스를 제안해요. 바람이 부는 제주에서도 흐트러짐이 예쁜 헤어를 만들어요.', array['편안한 착용감', '야외', '바람 대응']::text[], '야외 촬영용 드레스와 신랑 예복, 브리즈 헤어의 헤어·메이크업을 한곳에서 준비할 수 있어요.', 12);
insert into public.styling_products (shop_id, id, kind, name, description, regular_price, partner_price, included_services, add_ons, notice, sort_order) values ('shop-day-one-dress', 'package-a', 'package', '패키지 A', '드레스와 예복, 헤어·메이크업을 한 번에 준비하는 구성입니다.', '{"total":820000,"vatAmount":80000,"taxIncluded":true}'::jsonb, '{"total":730000,"vatAmount":70000,"taxIncluded":true}'::jsonb, array['신랑·신부 헤어 메이크업', '메인 롱드레스 1벌', '턱시도 1벌']::text[], '[{"id":"studio-a","name":"스튜디오 촬영 옵션","price":150000,"description":"날씨 변수에 대비한 실내 스튜디오 촬영을 추가해요."}]'::jsonb, '턱시도와 빈티지 드레스는 구성에 따라 교차 변경할 수 있어요.', 0);
insert into public.styling_products (shop_id, id, kind, name, description, regular_price, partner_price, included_services, add_ons, notice, sort_order) values ('shop-day-one-dress', 'package-b', 'package', '패키지 B', '드레스와 예복, 헤어·메이크업을 한 번에 준비하는 구성입니다.', '{"total":870000,"vatAmount":90000,"taxIncluded":true}'::jsonb, '{"total":780000,"vatAmount":80000,"taxIncluded":true}'::jsonb, array['신랑·신부 헤어 메이크업', '메인 롱드레스 1벌', '빈티지 드레스 1벌', '턱시도 1벌']::text[], '[{"id":"studio-b","name":"스튜디오 촬영 옵션","price":150000,"description":"날씨 변수에 대비한 실내 스튜디오 촬영을 추가해요."}]'::jsonb, '턱시도와 빈티지 드레스는 구성에 따라 교차 변경할 수 있어요.', 1);
insert into public.styling_products (shop_id, id, kind, name, description, regular_price, partner_price, included_services, add_ons, notice, sort_order) values ('shop-day-one-dress', 'package-c', 'package', '패키지 C', '드레스와 예복, 헤어·메이크업을 한 번에 준비하는 구성입니다.', '{"total":980000,"vatAmount":100000,"taxIncluded":true}'::jsonb, '{"total":890000,"vatAmount":90000,"taxIncluded":true}'::jsonb, array['신랑·신부 헤어 메이크업', '메인 롱드레스 2벌', '빈티지 드레스 1벌', '턱시도 1벌']::text[], '[{"id":"studio-c","name":"스튜디오 촬영 옵션","price":150000,"description":"날씨 변수에 대비한 실내 스튜디오 촬영을 추가해요."}]'::jsonb, '턱시도와 빈티지 드레스는 구성에 따라 교차 변경할 수 있어요.', 2);
insert into public.styling_products (shop_id, id, kind, name, description, regular_price, partner_price, included_services, add_ons, notice, sort_order) values ('shop-day-one-dress', 'package-special', 'package', '패키지 Special', '드레스와 예복, 헤어·메이크업을 한 번에 준비하는 구성입니다.', '{"total":1440000,"vatAmount":140000,"taxIncluded":true}'::jsonb, '{"total":1350000,"vatAmount":140000,"taxIncluded":true}'::jsonb, array['신랑·신부 헤어 메이크업', '메인 롱드레스 3벌 · 턱시도 2벌', '생화 부케 세트 · 셔츠 · 구두 · 베일 · 이어링']::text[], '[{"id":"studio-special","name":"스튜디오 촬영 옵션","price":180000,"description":"날씨 변수에 대비한 실내 스튜디오 촬영을 추가해요."}]'::jsonb, '턱시도와 빈티지 드레스는 구성에 따라 교차 변경할 수 있어요.', 3);
insert into public.styling_products (shop_id, id, kind, name, description, regular_price, partner_price, included_services, add_ons, notice, sort_order) values ('shop-day-one-dress', 'single-dress-12', 'single', '드레스 대여', '드레스 한 벌을 취향과 촬영 씬에 맞춰 골라요.', '{"total":150000,"maximumTotal":400000,"vatAmount":0,"taxIncluded":false}'::jsonb, null, array['드레스 1벌', '기본 피팅', '사이즈 상담']::text[], '[{"id":"hanbok-12","name":"신랑·신부 한복 세트","price":330000,"description":"두 분 한복과 기본 소품을 함께 준비해요."}]'::jsonb, '드레스 디자인과 등급에 따라 금액이 달라지고 VAT는 별도예요.', 4);
insert into public.styling_products (shop_id, id, kind, name, description, regular_price, partner_price, included_services, add_ons, notice, sort_order) values ('shop-day-one-dress', 'single-tuxedo-12', 'single', '턱시도 대여', '신랑 예복 상·하의 한 벌을 준비해요.', '{"total":110000,"vatAmount":0,"taxIncluded":false}'::jsonb, null, array['턱시도 상·하의 세트', '95·100·105 사이즈 피팅']::text[], '[{"id":"shirt-12","name":"셔츠 대여","price":10000,"description":"턱시도와 어울리는 기본 셔츠를 함께 대여해요."}]'::jsonb, '110 사이즈는 일부 기본 색상으로 상담 후 준비할 수 있어요.', 5);
insert into public.styling_products (shop_id, id, kind, name, description, regular_price, partner_price, included_services, add_ons, notice, sort_order) values ('shop-day-one-dress', 'single-hair-makeup-12', 'single', '신랑·신부 헤어 메이크업', '두 분 기준의 촬영용 헤어·메이크업 구성입니다.', '{"total":390000,"vatAmount":40000,"taxIncluded":true}'::jsonb, '{"total":330000,"vatAmount":30000,"taxIncluded":true}'::jsonb, array['신부 메이크업 · 헤어', '신랑 메이크업 · 헤어', '수정 키트']::text[], '[{"id":"hanbok-12","name":"신랑·신부 한복 세트","price":330000,"description":"두 분 한복과 기본 소품을 함께 준비해요."},{"id":"flower-hair-12","name":"생화 헤어장식","price":30000,"description":"촬영 톤에 맞춘 생화 장식을 더해요."}]'::jsonb, '신부님만 진행해도 기본 비용은 동일할 수 있어 상담에서 확인해요.', 6);
insert into public.styling_shops (id, name, introduction, keywords, inventory_description, sort_order) values ('shop-soft-hanger', '소프트 행어', '필름 무드와 어울리는 빈티지한 질감의 드레스룸이에요. 드레스의 질감에 맞춰 색조를 세심하게 조율합니다.', array['빈티지', '슬리브', '드레스 매칭']::text[], '야외 촬영용 드레스와 신랑 예복, 뮤즈 페이스의 헤어·메이크업을 한곳에서 준비할 수 있어요.', 13);
insert into public.styling_products (shop_id, id, kind, name, description, regular_price, partner_price, included_services, add_ons, notice, sort_order) values ('shop-soft-hanger', 'package-a', 'package', '패키지 A', '드레스와 예복, 헤어·메이크업을 한 번에 준비하는 구성입니다.', '{"total":830000,"vatAmount":80000,"taxIncluded":true}'::jsonb, '{"total":730000,"vatAmount":70000,"taxIncluded":true}'::jsonb, array['신랑·신부 헤어 메이크업', '메인 롱드레스 1벌', '턱시도 1벌']::text[], '[{"id":"studio-a","name":"스튜디오 촬영 옵션","price":150000,"description":"날씨 변수에 대비한 실내 스튜디오 촬영을 추가해요."}]'::jsonb, '턱시도와 빈티지 드레스는 구성에 따라 교차 변경할 수 있어요.', 0);
insert into public.styling_products (shop_id, id, kind, name, description, regular_price, partner_price, included_services, add_ons, notice, sort_order) values ('shop-soft-hanger', 'package-b', 'package', '패키지 B', '드레스와 예복, 헤어·메이크업을 한 번에 준비하는 구성입니다.', '{"total":880000,"vatAmount":90000,"taxIncluded":true}'::jsonb, '{"total":780000,"vatAmount":80000,"taxIncluded":true}'::jsonb, array['신랑·신부 헤어 메이크업', '메인 롱드레스 1벌', '빈티지 드레스 1벌', '턱시도 1벌']::text[], '[{"id":"studio-b","name":"스튜디오 촬영 옵션","price":150000,"description":"날씨 변수에 대비한 실내 스튜디오 촬영을 추가해요."}]'::jsonb, '턱시도와 빈티지 드레스는 구성에 따라 교차 변경할 수 있어요.', 1);
insert into public.styling_products (shop_id, id, kind, name, description, regular_price, partner_price, included_services, add_ons, notice, sort_order) values ('shop-soft-hanger', 'package-c', 'package', '패키지 C', '드레스와 예복, 헤어·메이크업을 한 번에 준비하는 구성입니다.', '{"total":990000,"vatAmount":100000,"taxIncluded":true}'::jsonb, '{"total":890000,"vatAmount":90000,"taxIncluded":true}'::jsonb, array['신랑·신부 헤어 메이크업', '메인 롱드레스 2벌', '빈티지 드레스 1벌', '턱시도 1벌']::text[], '[{"id":"studio-c","name":"스튜디오 촬영 옵션","price":150000,"description":"날씨 변수에 대비한 실내 스튜디오 촬영을 추가해요."}]'::jsonb, '턱시도와 빈티지 드레스는 구성에 따라 교차 변경할 수 있어요.', 2);
insert into public.styling_products (shop_id, id, kind, name, description, regular_price, partner_price, included_services, add_ons, notice, sort_order) values ('shop-soft-hanger', 'package-special', 'package', '패키지 Special', '드레스와 예복, 헤어·메이크업을 한 번에 준비하는 구성입니다.', '{"total":1450000,"vatAmount":150000,"taxIncluded":true}'::jsonb, '{"total":1350000,"vatAmount":140000,"taxIncluded":true}'::jsonb, array['신랑·신부 헤어 메이크업', '메인 롱드레스 3벌 · 턱시도 2벌', '생화 부케 세트 · 셔츠 · 구두 · 베일 · 이어링']::text[], '[{"id":"studio-special","name":"스튜디오 촬영 옵션","price":180000,"description":"날씨 변수에 대비한 실내 스튜디오 촬영을 추가해요."}]'::jsonb, '턱시도와 빈티지 드레스는 구성에 따라 교차 변경할 수 있어요.', 3);
insert into public.styling_products (shop_id, id, kind, name, description, regular_price, partner_price, included_services, add_ons, notice, sort_order) values ('shop-soft-hanger', 'single-dress-13', 'single', '드레스 대여', '드레스 한 벌을 취향과 촬영 씬에 맞춰 골라요.', '{"total":150000,"maximumTotal":400000,"vatAmount":0,"taxIncluded":false}'::jsonb, null, array['드레스 1벌', '기본 피팅', '사이즈 상담']::text[], '[{"id":"hanbok-13","name":"신랑·신부 한복 세트","price":330000,"description":"두 분 한복과 기본 소품을 함께 준비해요."}]'::jsonb, '드레스 디자인과 등급에 따라 금액이 달라지고 VAT는 별도예요.', 4);
insert into public.styling_products (shop_id, id, kind, name, description, regular_price, partner_price, included_services, add_ons, notice, sort_order) values ('shop-soft-hanger', 'single-tuxedo-13', 'single', '턱시도 대여', '신랑 예복 상·하의 한 벌을 준비해요.', '{"total":110000,"vatAmount":0,"taxIncluded":false}'::jsonb, null, array['턱시도 상·하의 세트', '95·100·105 사이즈 피팅']::text[], '[{"id":"shirt-13","name":"셔츠 대여","price":10000,"description":"턱시도와 어울리는 기본 셔츠를 함께 대여해요."}]'::jsonb, '110 사이즈는 일부 기본 색상으로 상담 후 준비할 수 있어요.', 5);
insert into public.styling_products (shop_id, id, kind, name, description, regular_price, partner_price, included_services, add_ons, notice, sort_order) values ('shop-soft-hanger', 'single-hair-makeup-13', 'single', '신랑·신부 헤어 메이크업', '두 분 기준의 촬영용 헤어·메이크업 구성입니다.', '{"total":390000,"vatAmount":40000,"taxIncluded":true}'::jsonb, '{"total":330000,"vatAmount":30000,"taxIncluded":true}'::jsonb, array['신부 메이크업 · 헤어', '신랑 메이크업 · 헤어', '수정 키트']::text[], '[{"id":"hanbok-13","name":"신랑·신부 한복 세트","price":330000,"description":"두 분 한복과 기본 소품을 함께 준비해요."},{"id":"flower-hair-13","name":"생화 헤어장식","price":30000,"description":"촬영 톤에 맞춘 생화 장식을 더해요."}]'::jsonb, '신부님만 진행해도 기본 비용은 동일할 수 있어 상담에서 확인해요.', 6);
insert into public.styling_shops (id, name, introduction, keywords, inventory_description, sort_order) values ('shop-river-dress', '리버 드레스', '흐르는 선이 예쁜 드레스로 움직임 있는 촬영을 돕습니다. 빛이 강한 시간에도 맑고 또렷한 인상을 남겨요.', array['드레이프', '플루이드', '광채 피부']::text[], '야외 촬영용 드레스와 신랑 예복, 루멘 메이크업의 헤어·메이크업을 한곳에서 준비할 수 있어요.', 14);
insert into public.styling_products (shop_id, id, kind, name, description, regular_price, partner_price, included_services, add_ons, notice, sort_order) values ('shop-river-dress', 'package-a', 'package', '패키지 A', '드레스와 예복, 헤어·메이크업을 한 번에 준비하는 구성입니다.', '{"total":840000,"vatAmount":80000,"taxIncluded":true}'::jsonb, '{"total":730000,"vatAmount":70000,"taxIncluded":true}'::jsonb, array['신랑·신부 헤어 메이크업', '메인 롱드레스 1벌', '턱시도 1벌']::text[], '[{"id":"studio-a","name":"스튜디오 촬영 옵션","price":150000,"description":"날씨 변수에 대비한 실내 스튜디오 촬영을 추가해요."}]'::jsonb, '턱시도와 빈티지 드레스는 구성에 따라 교차 변경할 수 있어요.', 0);
insert into public.styling_products (shop_id, id, kind, name, description, regular_price, partner_price, included_services, add_ons, notice, sort_order) values ('shop-river-dress', 'package-b', 'package', '패키지 B', '드레스와 예복, 헤어·메이크업을 한 번에 준비하는 구성입니다.', '{"total":890000,"vatAmount":90000,"taxIncluded":true}'::jsonb, '{"total":780000,"vatAmount":80000,"taxIncluded":true}'::jsonb, array['신랑·신부 헤어 메이크업', '메인 롱드레스 1벌', '빈티지 드레스 1벌', '턱시도 1벌']::text[], '[{"id":"studio-b","name":"스튜디오 촬영 옵션","price":150000,"description":"날씨 변수에 대비한 실내 스튜디오 촬영을 추가해요."}]'::jsonb, '턱시도와 빈티지 드레스는 구성에 따라 교차 변경할 수 있어요.', 1);
insert into public.styling_products (shop_id, id, kind, name, description, regular_price, partner_price, included_services, add_ons, notice, sort_order) values ('shop-river-dress', 'package-c', 'package', '패키지 C', '드레스와 예복, 헤어·메이크업을 한 번에 준비하는 구성입니다.', '{"total":1000000,"vatAmount":100000,"taxIncluded":true}'::jsonb, '{"total":890000,"vatAmount":90000,"taxIncluded":true}'::jsonb, array['신랑·신부 헤어 메이크업', '메인 롱드레스 2벌', '빈티지 드레스 1벌', '턱시도 1벌']::text[], '[{"id":"studio-c","name":"스튜디오 촬영 옵션","price":150000,"description":"날씨 변수에 대비한 실내 스튜디오 촬영을 추가해요."}]'::jsonb, '턱시도와 빈티지 드레스는 구성에 따라 교차 변경할 수 있어요.', 2);
insert into public.styling_products (shop_id, id, kind, name, description, regular_price, partner_price, included_services, add_ons, notice, sort_order) values ('shop-river-dress', 'package-special', 'package', '패키지 Special', '드레스와 예복, 헤어·메이크업을 한 번에 준비하는 구성입니다.', '{"total":1460000,"vatAmount":150000,"taxIncluded":true}'::jsonb, '{"total":1350000,"vatAmount":140000,"taxIncluded":true}'::jsonb, array['신랑·신부 헤어 메이크업', '메인 롱드레스 3벌 · 턱시도 2벌', '생화 부케 세트 · 셔츠 · 구두 · 베일 · 이어링']::text[], '[{"id":"studio-special","name":"스튜디오 촬영 옵션","price":180000,"description":"날씨 변수에 대비한 실내 스튜디오 촬영을 추가해요."}]'::jsonb, '턱시도와 빈티지 드레스는 구성에 따라 교차 변경할 수 있어요.', 3);
insert into public.styling_products (shop_id, id, kind, name, description, regular_price, partner_price, included_services, add_ons, notice, sort_order) values ('shop-river-dress', 'single-dress-14', 'single', '드레스 대여', '드레스 한 벌을 취향과 촬영 씬에 맞춰 골라요.', '{"total":150000,"maximumTotal":400000,"vatAmount":0,"taxIncluded":false}'::jsonb, null, array['드레스 1벌', '기본 피팅', '사이즈 상담']::text[], '[{"id":"hanbok-14","name":"신랑·신부 한복 세트","price":330000,"description":"두 분 한복과 기본 소품을 함께 준비해요."}]'::jsonb, '드레스 디자인과 등급에 따라 금액이 달라지고 VAT는 별도예요.', 4);
insert into public.styling_products (shop_id, id, kind, name, description, regular_price, partner_price, included_services, add_ons, notice, sort_order) values ('shop-river-dress', 'single-tuxedo-14', 'single', '턱시도 대여', '신랑 예복 상·하의 한 벌을 준비해요.', '{"total":110000,"vatAmount":0,"taxIncluded":false}'::jsonb, null, array['턱시도 상·하의 세트', '95·100·105 사이즈 피팅']::text[], '[{"id":"shirt-14","name":"셔츠 대여","price":10000,"description":"턱시도와 어울리는 기본 셔츠를 함께 대여해요."}]'::jsonb, '110 사이즈는 일부 기본 색상으로 상담 후 준비할 수 있어요.', 5);
insert into public.styling_products (shop_id, id, kind, name, description, regular_price, partner_price, included_services, add_ons, notice, sort_order) values ('shop-river-dress', 'single-hair-makeup-14', 'single', '신랑·신부 헤어 메이크업', '두 분 기준의 촬영용 헤어·메이크업 구성입니다.', '{"total":390000,"vatAmount":40000,"taxIncluded":true}'::jsonb, '{"total":330000,"vatAmount":30000,"taxIncluded":true}'::jsonb, array['신부 메이크업 · 헤어', '신랑 메이크업 · 헤어', '수정 키트']::text[], '[{"id":"hanbok-14","name":"신랑·신부 한복 세트","price":330000,"description":"두 분 한복과 기본 소품을 함께 준비해요."},{"id":"flower-hair-14","name":"생화 헤어장식","price":30000,"description":"촬영 톤에 맞춘 생화 장식을 더해요."}]'::jsonb, '신부님만 진행해도 기본 비용은 동일할 수 있어 상담에서 확인해요.', 6);
insert into public.styling_shops (id, name, introduction, keywords, inventory_description, sort_order) values ('shop-house-of-veil', '하우스 오브 베일', '베일과 액세서리까지 한 장면처럼 완성하는 구성이에요. 절제된 토프 계열로 고급스러운 클래식 룩을 완성합니다.', array['베일', '액세서리', '토프']::text[], '야외 촬영용 드레스와 신랑 예복, 토프 스튜디오의 헤어·메이크업을 한곳에서 준비할 수 있어요.', 15);
insert into public.styling_products (shop_id, id, kind, name, description, regular_price, partner_price, included_services, add_ons, notice, sort_order) values ('shop-house-of-veil', 'package-a', 'package', '패키지 A', '드레스와 예복, 헤어·메이크업을 한 번에 준비하는 구성입니다.', '{"total":850000,"vatAmount":90000,"taxIncluded":true}'::jsonb, '{"total":760000,"vatAmount":80000,"taxIncluded":true}'::jsonb, array['신랑·신부 헤어 메이크업', '메인 롱드레스 1벌', '턱시도 1벌']::text[], '[{"id":"studio-a","name":"스튜디오 촬영 옵션","price":150000,"description":"날씨 변수에 대비한 실내 스튜디오 촬영을 추가해요."}]'::jsonb, '턱시도와 빈티지 드레스는 구성에 따라 교차 변경할 수 있어요.', 0);
insert into public.styling_products (shop_id, id, kind, name, description, regular_price, partner_price, included_services, add_ons, notice, sort_order) values ('shop-house-of-veil', 'package-b', 'package', '패키지 B', '드레스와 예복, 헤어·메이크업을 한 번에 준비하는 구성입니다.', '{"total":900000,"vatAmount":90000,"taxIncluded":true}'::jsonb, '{"total":810000,"vatAmount":80000,"taxIncluded":true}'::jsonb, array['신랑·신부 헤어 메이크업', '메인 롱드레스 1벌', '빈티지 드레스 1벌', '턱시도 1벌']::text[], '[{"id":"studio-b","name":"스튜디오 촬영 옵션","price":150000,"description":"날씨 변수에 대비한 실내 스튜디오 촬영을 추가해요."}]'::jsonb, '턱시도와 빈티지 드레스는 구성에 따라 교차 변경할 수 있어요.', 1);
insert into public.styling_products (shop_id, id, kind, name, description, regular_price, partner_price, included_services, add_ons, notice, sort_order) values ('shop-house-of-veil', 'package-c', 'package', '패키지 C', '드레스와 예복, 헤어·메이크업을 한 번에 준비하는 구성입니다.', '{"total":1010000,"vatAmount":100000,"taxIncluded":true}'::jsonb, '{"total":920000,"vatAmount":90000,"taxIncluded":true}'::jsonb, array['신랑·신부 헤어 메이크업', '메인 롱드레스 2벌', '빈티지 드레스 1벌', '턱시도 1벌']::text[], '[{"id":"studio-c","name":"스튜디오 촬영 옵션","price":150000,"description":"날씨 변수에 대비한 실내 스튜디오 촬영을 추가해요."}]'::jsonb, '턱시도와 빈티지 드레스는 구성에 따라 교차 변경할 수 있어요.', 2);
insert into public.styling_products (shop_id, id, kind, name, description, regular_price, partner_price, included_services, add_ons, notice, sort_order) values ('shop-house-of-veil', 'package-special', 'package', '패키지 Special', '드레스와 예복, 헤어·메이크업을 한 번에 준비하는 구성입니다.', '{"total":1470000,"vatAmount":150000,"taxIncluded":true}'::jsonb, '{"total":1380000,"vatAmount":140000,"taxIncluded":true}'::jsonb, array['신랑·신부 헤어 메이크업', '메인 롱드레스 3벌 · 턱시도 2벌', '생화 부케 세트 · 셔츠 · 구두 · 베일 · 이어링']::text[], '[{"id":"studio-special","name":"스튜디오 촬영 옵션","price":180000,"description":"날씨 변수에 대비한 실내 스튜디오 촬영을 추가해요."}]'::jsonb, '턱시도와 빈티지 드레스는 구성에 따라 교차 변경할 수 있어요.', 3);
insert into public.styling_products (shop_id, id, kind, name, description, regular_price, partner_price, included_services, add_ons, notice, sort_order) values ('shop-house-of-veil', 'single-dress-15', 'single', '드레스 대여', '드레스 한 벌을 취향과 촬영 씬에 맞춰 골라요.', '{"total":150000,"maximumTotal":400000,"vatAmount":0,"taxIncluded":false}'::jsonb, null, array['드레스 1벌', '기본 피팅', '사이즈 상담']::text[], '[{"id":"hanbok-15","name":"신랑·신부 한복 세트","price":330000,"description":"두 분 한복과 기본 소품을 함께 준비해요."}]'::jsonb, '드레스 디자인과 등급에 따라 금액이 달라지고 VAT는 별도예요.', 4);
insert into public.styling_products (shop_id, id, kind, name, description, regular_price, partner_price, included_services, add_ons, notice, sort_order) values ('shop-house-of-veil', 'single-tuxedo-15', 'single', '턱시도 대여', '신랑 예복 상·하의 한 벌을 준비해요.', '{"total":110000,"vatAmount":0,"taxIncluded":false}'::jsonb, null, array['턱시도 상·하의 세트', '95·100·105 사이즈 피팅']::text[], '[{"id":"shirt-15","name":"셔츠 대여","price":10000,"description":"턱시도와 어울리는 기본 셔츠를 함께 대여해요."}]'::jsonb, '110 사이즈는 일부 기본 색상으로 상담 후 준비할 수 있어요.', 5);
insert into public.styling_products (shop_id, id, kind, name, description, regular_price, partner_price, included_services, add_ons, notice, sort_order) values ('shop-house-of-veil', 'single-hair-makeup-15', 'single', '신랑·신부 헤어 메이크업', '두 분 기준의 촬영용 헤어·메이크업 구성입니다.', '{"total":390000,"vatAmount":40000,"taxIncluded":true}'::jsonb, '{"total":330000,"vatAmount":30000,"taxIncluded":true}'::jsonb, array['신부 메이크업 · 헤어', '신랑 메이크업 · 헤어', '수정 키트']::text[], '[{"id":"hanbok-15","name":"신랑·신부 한복 세트","price":330000,"description":"두 분 한복과 기본 소품을 함께 준비해요."},{"id":"flower-hair-15","name":"생화 헤어장식","price":30000,"description":"촬영 톤에 맞춘 생화 장식을 더해요."}]'::jsonb, '신부님만 진행해도 기본 비용은 동일할 수 있어 상담에서 확인해요.', 6);
insert into public.styling_shops (id, name, introduction, keywords, inventory_description, sort_order) values ('shop-pearl-closet', '펄 클로젯', '은은한 포인트가 있는 드레스를 차분하게 추천합니다. 초여름 제주의 싱그러움을 살리는 가벼운 표현이에요.', array['펄', '세미 매트', '프레시']::text[], '야외 촬영용 드레스와 신랑 예복, 준 메이크업의 헤어·메이크업을 한곳에서 준비할 수 있어요.', 16);
insert into public.styling_products (shop_id, id, kind, name, description, regular_price, partner_price, included_services, add_ons, notice, sort_order) values ('shop-pearl-closet', 'package-a', 'package', '패키지 A', '드레스와 예복, 헤어·메이크업을 한 번에 준비하는 구성입니다.', '{"total":860000,"vatAmount":90000,"taxIncluded":true}'::jsonb, '{"total":760000,"vatAmount":80000,"taxIncluded":true}'::jsonb, array['신랑·신부 헤어 메이크업', '메인 롱드레스 1벌', '턱시도 1벌']::text[], '[{"id":"studio-a","name":"스튜디오 촬영 옵션","price":150000,"description":"날씨 변수에 대비한 실내 스튜디오 촬영을 추가해요."}]'::jsonb, '턱시도와 빈티지 드레스는 구성에 따라 교차 변경할 수 있어요.', 0);
insert into public.styling_products (shop_id, id, kind, name, description, regular_price, partner_price, included_services, add_ons, notice, sort_order) values ('shop-pearl-closet', 'package-b', 'package', '패키지 B', '드레스와 예복, 헤어·메이크업을 한 번에 준비하는 구성입니다.', '{"total":910000,"vatAmount":90000,"taxIncluded":true}'::jsonb, '{"total":810000,"vatAmount":80000,"taxIncluded":true}'::jsonb, array['신랑·신부 헤어 메이크업', '메인 롱드레스 1벌', '빈티지 드레스 1벌', '턱시도 1벌']::text[], '[{"id":"studio-b","name":"스튜디오 촬영 옵션","price":150000,"description":"날씨 변수에 대비한 실내 스튜디오 촬영을 추가해요."}]'::jsonb, '턱시도와 빈티지 드레스는 구성에 따라 교차 변경할 수 있어요.', 1);
insert into public.styling_products (shop_id, id, kind, name, description, regular_price, partner_price, included_services, add_ons, notice, sort_order) values ('shop-pearl-closet', 'package-c', 'package', '패키지 C', '드레스와 예복, 헤어·메이크업을 한 번에 준비하는 구성입니다.', '{"total":1020000,"vatAmount":100000,"taxIncluded":true}'::jsonb, '{"total":920000,"vatAmount":90000,"taxIncluded":true}'::jsonb, array['신랑·신부 헤어 메이크업', '메인 롱드레스 2벌', '빈티지 드레스 1벌', '턱시도 1벌']::text[], '[{"id":"studio-c","name":"스튜디오 촬영 옵션","price":150000,"description":"날씨 변수에 대비한 실내 스튜디오 촬영을 추가해요."}]'::jsonb, '턱시도와 빈티지 드레스는 구성에 따라 교차 변경할 수 있어요.', 2);
insert into public.styling_products (shop_id, id, kind, name, description, regular_price, partner_price, included_services, add_ons, notice, sort_order) values ('shop-pearl-closet', 'package-special', 'package', '패키지 Special', '드레스와 예복, 헤어·메이크업을 한 번에 준비하는 구성입니다.', '{"total":1480000,"vatAmount":150000,"taxIncluded":true}'::jsonb, '{"total":1380000,"vatAmount":140000,"taxIncluded":true}'::jsonb, array['신랑·신부 헤어 메이크업', '메인 롱드레스 3벌 · 턱시도 2벌', '생화 부케 세트 · 셔츠 · 구두 · 베일 · 이어링']::text[], '[{"id":"studio-special","name":"스튜디오 촬영 옵션","price":180000,"description":"날씨 변수에 대비한 실내 스튜디오 촬영을 추가해요."}]'::jsonb, '턱시도와 빈티지 드레스는 구성에 따라 교차 변경할 수 있어요.', 3);
insert into public.styling_products (shop_id, id, kind, name, description, regular_price, partner_price, included_services, add_ons, notice, sort_order) values ('shop-pearl-closet', 'single-dress-16', 'single', '드레스 대여', '드레스 한 벌을 취향과 촬영 씬에 맞춰 골라요.', '{"total":150000,"maximumTotal":400000,"vatAmount":0,"taxIncluded":false}'::jsonb, null, array['드레스 1벌', '기본 피팅', '사이즈 상담']::text[], '[{"id":"hanbok-16","name":"신랑·신부 한복 세트","price":330000,"description":"두 분 한복과 기본 소품을 함께 준비해요."}]'::jsonb, '드레스 디자인과 등급에 따라 금액이 달라지고 VAT는 별도예요.', 4);
insert into public.styling_products (shop_id, id, kind, name, description, regular_price, partner_price, included_services, add_ons, notice, sort_order) values ('shop-pearl-closet', 'single-tuxedo-16', 'single', '턱시도 대여', '신랑 예복 상·하의 한 벌을 준비해요.', '{"total":110000,"vatAmount":0,"taxIncluded":false}'::jsonb, null, array['턱시도 상·하의 세트', '95·100·105 사이즈 피팅']::text[], '[{"id":"shirt-16","name":"셔츠 대여","price":10000,"description":"턱시도와 어울리는 기본 셔츠를 함께 대여해요."}]'::jsonb, '110 사이즈는 일부 기본 색상으로 상담 후 준비할 수 있어요.', 5);
insert into public.styling_products (shop_id, id, kind, name, description, regular_price, partner_price, included_services, add_ons, notice, sort_order) values ('shop-pearl-closet', 'single-hair-makeup-16', 'single', '신랑·신부 헤어 메이크업', '두 분 기준의 촬영용 헤어·메이크업 구성입니다.', '{"total":390000,"vatAmount":40000,"taxIncluded":true}'::jsonb, '{"total":330000,"vatAmount":30000,"taxIncluded":true}'::jsonb, array['신부 메이크업 · 헤어', '신랑 메이크업 · 헤어', '수정 키트']::text[], '[{"id":"hanbok-16","name":"신랑·신부 한복 세트","price":330000,"description":"두 분 한복과 기본 소품을 함께 준비해요."},{"id":"flower-hair-16","name":"생화 헤어장식","price":30000,"description":"촬영 톤에 맞춘 생화 장식을 더해요."}]'::jsonb, '신부님만 진행해도 기본 비용은 동일할 수 있어 상담에서 확인해요.', 6);
insert into public.styling_shops (id, name, introduction, keywords, inventory_description, sort_order) values ('shop-reveal-dress', '리빌 드레스', '두 벌의 분위기를 확실히 다르게 가져가고 싶은 커플에게 맞아요. 노을과 야간 촬영까지 색감이 무너지지 않게 준비해요.', array['투피스', '변형', '노을']::text[], '야외 촬영용 드레스와 신랑 예복, 씬온의 헤어·메이크업을 한곳에서 준비할 수 있어요.', 17);
insert into public.styling_products (shop_id, id, kind, name, description, regular_price, partner_price, included_services, add_ons, notice, sort_order) values ('shop-reveal-dress', 'package-a', 'package', '패키지 A', '드레스와 예복, 헤어·메이크업을 한 번에 준비하는 구성입니다.', '{"total":870000,"vatAmount":90000,"taxIncluded":true}'::jsonb, '{"total":760000,"vatAmount":80000,"taxIncluded":true}'::jsonb, array['신랑·신부 헤어 메이크업', '메인 롱드레스 1벌', '턱시도 1벌']::text[], '[{"id":"studio-a","name":"스튜디오 촬영 옵션","price":150000,"description":"날씨 변수에 대비한 실내 스튜디오 촬영을 추가해요."}]'::jsonb, '턱시도와 빈티지 드레스는 구성에 따라 교차 변경할 수 있어요.', 0);
insert into public.styling_products (shop_id, id, kind, name, description, regular_price, partner_price, included_services, add_ons, notice, sort_order) values ('shop-reveal-dress', 'package-b', 'package', '패키지 B', '드레스와 예복, 헤어·메이크업을 한 번에 준비하는 구성입니다.', '{"total":920000,"vatAmount":90000,"taxIncluded":true}'::jsonb, '{"total":810000,"vatAmount":80000,"taxIncluded":true}'::jsonb, array['신랑·신부 헤어 메이크업', '메인 롱드레스 1벌', '빈티지 드레스 1벌', '턱시도 1벌']::text[], '[{"id":"studio-b","name":"스튜디오 촬영 옵션","price":150000,"description":"날씨 변수에 대비한 실내 스튜디오 촬영을 추가해요."}]'::jsonb, '턱시도와 빈티지 드레스는 구성에 따라 교차 변경할 수 있어요.', 1);
insert into public.styling_products (shop_id, id, kind, name, description, regular_price, partner_price, included_services, add_ons, notice, sort_order) values ('shop-reveal-dress', 'package-c', 'package', '패키지 C', '드레스와 예복, 헤어·메이크업을 한 번에 준비하는 구성입니다.', '{"total":1030000,"vatAmount":100000,"taxIncluded":true}'::jsonb, '{"total":920000,"vatAmount":90000,"taxIncluded":true}'::jsonb, array['신랑·신부 헤어 메이크업', '메인 롱드레스 2벌', '빈티지 드레스 1벌', '턱시도 1벌']::text[], '[{"id":"studio-c","name":"스튜디오 촬영 옵션","price":150000,"description":"날씨 변수에 대비한 실내 스튜디오 촬영을 추가해요."}]'::jsonb, '턱시도와 빈티지 드레스는 구성에 따라 교차 변경할 수 있어요.', 2);
insert into public.styling_products (shop_id, id, kind, name, description, regular_price, partner_price, included_services, add_ons, notice, sort_order) values ('shop-reveal-dress', 'package-special', 'package', '패키지 Special', '드레스와 예복, 헤어·메이크업을 한 번에 준비하는 구성입니다.', '{"total":1490000,"vatAmount":150000,"taxIncluded":true}'::jsonb, '{"total":1380000,"vatAmount":140000,"taxIncluded":true}'::jsonb, array['신랑·신부 헤어 메이크업', '메인 롱드레스 3벌 · 턱시도 2벌', '생화 부케 세트 · 셔츠 · 구두 · 베일 · 이어링']::text[], '[{"id":"studio-special","name":"스튜디오 촬영 옵션","price":180000,"description":"날씨 변수에 대비한 실내 스튜디오 촬영을 추가해요."}]'::jsonb, '턱시도와 빈티지 드레스는 구성에 따라 교차 변경할 수 있어요.', 3);
insert into public.styling_products (shop_id, id, kind, name, description, regular_price, partner_price, included_services, add_ons, notice, sort_order) values ('shop-reveal-dress', 'single-dress-17', 'single', '드레스 대여', '드레스 한 벌을 취향과 촬영 씬에 맞춰 골라요.', '{"total":150000,"maximumTotal":400000,"vatAmount":0,"taxIncluded":false}'::jsonb, null, array['드레스 1벌', '기본 피팅', '사이즈 상담']::text[], '[{"id":"hanbok-17","name":"신랑·신부 한복 세트","price":330000,"description":"두 분 한복과 기본 소품을 함께 준비해요."}]'::jsonb, '드레스 디자인과 등급에 따라 금액이 달라지고 VAT는 별도예요.', 4);
insert into public.styling_products (shop_id, id, kind, name, description, regular_price, partner_price, included_services, add_ons, notice, sort_order) values ('shop-reveal-dress', 'single-tuxedo-17', 'single', '턱시도 대여', '신랑 예복 상·하의 한 벌을 준비해요.', '{"total":110000,"vatAmount":0,"taxIncluded":false}'::jsonb, null, array['턱시도 상·하의 세트', '95·100·105 사이즈 피팅']::text[], '[{"id":"shirt-17","name":"셔츠 대여","price":10000,"description":"턱시도와 어울리는 기본 셔츠를 함께 대여해요."}]'::jsonb, '110 사이즈는 일부 기본 색상으로 상담 후 준비할 수 있어요.', 5);
insert into public.styling_products (shop_id, id, kind, name, description, regular_price, partner_price, included_services, add_ons, notice, sort_order) values ('shop-reveal-dress', 'single-hair-makeup-17', 'single', '신랑·신부 헤어 메이크업', '두 분 기준의 촬영용 헤어·메이크업 구성입니다.', '{"total":390000,"vatAmount":40000,"taxIncluded":true}'::jsonb, '{"total":330000,"vatAmount":30000,"taxIncluded":true}'::jsonb, array['신부 메이크업 · 헤어', '신랑 메이크업 · 헤어', '수정 키트']::text[], '[{"id":"hanbok-17","name":"신랑·신부 한복 세트","price":330000,"description":"두 분 한복과 기본 소품을 함께 준비해요."},{"id":"flower-hair-17","name":"생화 헤어장식","price":30000,"description":"촬영 톤에 맞춘 생화 장식을 더해요."}]'::jsonb, '신부님만 진행해도 기본 비용은 동일할 수 있어 상담에서 확인해요.', 6);
insert into public.styling_shops (id, name, introduction, keywords, inventory_description, sort_order) values ('shop-studio-lily', '스튜디오 릴리', '사랑스러운 질감과 밝은 색감을 살리는 드레스를 준비해요. 깨끗한 캔버스처럼 정돈된 피부 표현을 우선합니다.', array['레이스', '러블리', '깨끗한 피부']::text[], '야외 촬영용 드레스와 신랑 예복, 페이퍼 메이크업의 헤어·메이크업을 한곳에서 준비할 수 있어요.', 18);
insert into public.styling_products (shop_id, id, kind, name, description, regular_price, partner_price, included_services, add_ons, notice, sort_order) values ('shop-studio-lily', 'package-a', 'package', '패키지 A', '드레스와 예복, 헤어·메이크업을 한 번에 준비하는 구성입니다.', '{"total":880000,"vatAmount":90000,"taxIncluded":true}'::jsonb, '{"total":790000,"vatAmount":80000,"taxIncluded":true}'::jsonb, array['신랑·신부 헤어 메이크업', '메인 롱드레스 1벌', '턱시도 1벌']::text[], '[{"id":"studio-a","name":"스튜디오 촬영 옵션","price":150000,"description":"날씨 변수에 대비한 실내 스튜디오 촬영을 추가해요."}]'::jsonb, '턱시도와 빈티지 드레스는 구성에 따라 교차 변경할 수 있어요.', 0);
insert into public.styling_products (shop_id, id, kind, name, description, regular_price, partner_price, included_services, add_ons, notice, sort_order) values ('shop-studio-lily', 'package-b', 'package', '패키지 B', '드레스와 예복, 헤어·메이크업을 한 번에 준비하는 구성입니다.', '{"total":930000,"vatAmount":90000,"taxIncluded":true}'::jsonb, '{"total":840000,"vatAmount":80000,"taxIncluded":true}'::jsonb, array['신랑·신부 헤어 메이크업', '메인 롱드레스 1벌', '빈티지 드레스 1벌', '턱시도 1벌']::text[], '[{"id":"studio-b","name":"스튜디오 촬영 옵션","price":150000,"description":"날씨 변수에 대비한 실내 스튜디오 촬영을 추가해요."}]'::jsonb, '턱시도와 빈티지 드레스는 구성에 따라 교차 변경할 수 있어요.', 1);
insert into public.styling_products (shop_id, id, kind, name, description, regular_price, partner_price, included_services, add_ons, notice, sort_order) values ('shop-studio-lily', 'package-c', 'package', '패키지 C', '드레스와 예복, 헤어·메이크업을 한 번에 준비하는 구성입니다.', '{"total":1040000,"vatAmount":100000,"taxIncluded":true}'::jsonb, '{"total":950000,"vatAmount":100000,"taxIncluded":true}'::jsonb, array['신랑·신부 헤어 메이크업', '메인 롱드레스 2벌', '빈티지 드레스 1벌', '턱시도 1벌']::text[], '[{"id":"studio-c","name":"스튜디오 촬영 옵션","price":150000,"description":"날씨 변수에 대비한 실내 스튜디오 촬영을 추가해요."}]'::jsonb, '턱시도와 빈티지 드레스는 구성에 따라 교차 변경할 수 있어요.', 2);
insert into public.styling_products (shop_id, id, kind, name, description, regular_price, partner_price, included_services, add_ons, notice, sort_order) values ('shop-studio-lily', 'package-special', 'package', '패키지 Special', '드레스와 예복, 헤어·메이크업을 한 번에 준비하는 구성입니다.', '{"total":1500000,"vatAmount":150000,"taxIncluded":true}'::jsonb, '{"total":1410000,"vatAmount":140000,"taxIncluded":true}'::jsonb, array['신랑·신부 헤어 메이크업', '메인 롱드레스 3벌 · 턱시도 2벌', '생화 부케 세트 · 셔츠 · 구두 · 베일 · 이어링']::text[], '[{"id":"studio-special","name":"스튜디오 촬영 옵션","price":180000,"description":"날씨 변수에 대비한 실내 스튜디오 촬영을 추가해요."}]'::jsonb, '턱시도와 빈티지 드레스는 구성에 따라 교차 변경할 수 있어요.', 3);
insert into public.styling_products (shop_id, id, kind, name, description, regular_price, partner_price, included_services, add_ons, notice, sort_order) values ('shop-studio-lily', 'single-dress-18', 'single', '드레스 대여', '드레스 한 벌을 취향과 촬영 씬에 맞춰 골라요.', '{"total":150000,"maximumTotal":400000,"vatAmount":0,"taxIncluded":false}'::jsonb, null, array['드레스 1벌', '기본 피팅', '사이즈 상담']::text[], '[{"id":"hanbok-18","name":"신랑·신부 한복 세트","price":330000,"description":"두 분 한복과 기본 소품을 함께 준비해요."}]'::jsonb, '드레스 디자인과 등급에 따라 금액이 달라지고 VAT는 별도예요.', 4);
insert into public.styling_products (shop_id, id, kind, name, description, regular_price, partner_price, included_services, add_ons, notice, sort_order) values ('shop-studio-lily', 'single-tuxedo-18', 'single', '턱시도 대여', '신랑 예복 상·하의 한 벌을 준비해요.', '{"total":110000,"vatAmount":0,"taxIncluded":false}'::jsonb, null, array['턱시도 상·하의 세트', '95·100·105 사이즈 피팅']::text[], '[{"id":"shirt-18","name":"셔츠 대여","price":10000,"description":"턱시도와 어울리는 기본 셔츠를 함께 대여해요."}]'::jsonb, '110 사이즈는 일부 기본 색상으로 상담 후 준비할 수 있어요.', 5);
insert into public.styling_products (shop_id, id, kind, name, description, regular_price, partner_price, included_services, add_ons, notice, sort_order) values ('shop-studio-lily', 'single-hair-makeup-18', 'single', '신랑·신부 헤어 메이크업', '두 분 기준의 촬영용 헤어·메이크업 구성입니다.', '{"total":390000,"vatAmount":40000,"taxIncluded":true}'::jsonb, '{"total":330000,"vatAmount":30000,"taxIncluded":true}'::jsonb, array['신부 메이크업 · 헤어', '신랑 메이크업 · 헤어', '수정 키트']::text[], '[{"id":"hanbok-18","name":"신랑·신부 한복 세트","price":330000,"description":"두 분 한복과 기본 소품을 함께 준비해요."},{"id":"flower-hair-18","name":"생화 헤어장식","price":30000,"description":"촬영 톤에 맞춘 생화 장식을 더해요."}]'::jsonb, '신부님만 진행해도 기본 비용은 동일할 수 있어 상담에서 확인해요.', 6);
insert into public.styling_shops (id, name, introduction, keywords, inventory_description, sort_order) values ('shop-line-bridal', '라인 브라이덜', '인물 실루엣을 또렷하게 보여주는 미니멀 드레스를 골라요. 초록 풍경에 자연스럽게 어우러지는 뉴트럴 색조를 써요.', array['H라인', '미니멀', '뉴트럴']::text[], '야외 촬영용 드레스와 신랑 예복, 올리브 스트로크의 헤어·메이크업을 한곳에서 준비할 수 있어요.', 19);
insert into public.styling_products (shop_id, id, kind, name, description, regular_price, partner_price, included_services, add_ons, notice, sort_order) values ('shop-line-bridal', 'package-a', 'package', '패키지 A', '드레스와 예복, 헤어·메이크업을 한 번에 준비하는 구성입니다.', '{"total":890000,"vatAmount":90000,"taxIncluded":true}'::jsonb, '{"total":790000,"vatAmount":80000,"taxIncluded":true}'::jsonb, array['신랑·신부 헤어 메이크업', '메인 롱드레스 1벌', '턱시도 1벌']::text[], '[{"id":"studio-a","name":"스튜디오 촬영 옵션","price":150000,"description":"날씨 변수에 대비한 실내 스튜디오 촬영을 추가해요."}]'::jsonb, '턱시도와 빈티지 드레스는 구성에 따라 교차 변경할 수 있어요.', 0);
insert into public.styling_products (shop_id, id, kind, name, description, regular_price, partner_price, included_services, add_ons, notice, sort_order) values ('shop-line-bridal', 'package-b', 'package', '패키지 B', '드레스와 예복, 헤어·메이크업을 한 번에 준비하는 구성입니다.', '{"total":940000,"vatAmount":90000,"taxIncluded":true}'::jsonb, '{"total":840000,"vatAmount":80000,"taxIncluded":true}'::jsonb, array['신랑·신부 헤어 메이크업', '메인 롱드레스 1벌', '빈티지 드레스 1벌', '턱시도 1벌']::text[], '[{"id":"studio-b","name":"스튜디오 촬영 옵션","price":150000,"description":"날씨 변수에 대비한 실내 스튜디오 촬영을 추가해요."}]'::jsonb, '턱시도와 빈티지 드레스는 구성에 따라 교차 변경할 수 있어요.', 1);
insert into public.styling_products (shop_id, id, kind, name, description, regular_price, partner_price, included_services, add_ons, notice, sort_order) values ('shop-line-bridal', 'package-c', 'package', '패키지 C', '드레스와 예복, 헤어·메이크업을 한 번에 준비하는 구성입니다.', '{"total":1050000,"vatAmount":110000,"taxIncluded":true}'::jsonb, '{"total":950000,"vatAmount":100000,"taxIncluded":true}'::jsonb, array['신랑·신부 헤어 메이크업', '메인 롱드레스 2벌', '빈티지 드레스 1벌', '턱시도 1벌']::text[], '[{"id":"studio-c","name":"스튜디오 촬영 옵션","price":150000,"description":"날씨 변수에 대비한 실내 스튜디오 촬영을 추가해요."}]'::jsonb, '턱시도와 빈티지 드레스는 구성에 따라 교차 변경할 수 있어요.', 2);
insert into public.styling_products (shop_id, id, kind, name, description, regular_price, partner_price, included_services, add_ons, notice, sort_order) values ('shop-line-bridal', 'package-special', 'package', '패키지 Special', '드레스와 예복, 헤어·메이크업을 한 번에 준비하는 구성입니다.', '{"total":1510000,"vatAmount":150000,"taxIncluded":true}'::jsonb, '{"total":1410000,"vatAmount":140000,"taxIncluded":true}'::jsonb, array['신랑·신부 헤어 메이크업', '메인 롱드레스 3벌 · 턱시도 2벌', '생화 부케 세트 · 셔츠 · 구두 · 베일 · 이어링']::text[], '[{"id":"studio-special","name":"스튜디오 촬영 옵션","price":180000,"description":"날씨 변수에 대비한 실내 스튜디오 촬영을 추가해요."}]'::jsonb, '턱시도와 빈티지 드레스는 구성에 따라 교차 변경할 수 있어요.', 3);
insert into public.styling_products (shop_id, id, kind, name, description, regular_price, partner_price, included_services, add_ons, notice, sort_order) values ('shop-line-bridal', 'single-dress-19', 'single', '드레스 대여', '드레스 한 벌을 취향과 촬영 씬에 맞춰 골라요.', '{"total":150000,"maximumTotal":400000,"vatAmount":0,"taxIncluded":false}'::jsonb, null, array['드레스 1벌', '기본 피팅', '사이즈 상담']::text[], '[{"id":"hanbok-19","name":"신랑·신부 한복 세트","price":330000,"description":"두 분 한복과 기본 소품을 함께 준비해요."}]'::jsonb, '드레스 디자인과 등급에 따라 금액이 달라지고 VAT는 별도예요.', 4);
insert into public.styling_products (shop_id, id, kind, name, description, regular_price, partner_price, included_services, add_ons, notice, sort_order) values ('shop-line-bridal', 'single-tuxedo-19', 'single', '턱시도 대여', '신랑 예복 상·하의 한 벌을 준비해요.', '{"total":110000,"vatAmount":0,"taxIncluded":false}'::jsonb, null, array['턱시도 상·하의 세트', '95·100·105 사이즈 피팅']::text[], '[{"id":"shirt-19","name":"셔츠 대여","price":10000,"description":"턱시도와 어울리는 기본 셔츠를 함께 대여해요."}]'::jsonb, '110 사이즈는 일부 기본 색상으로 상담 후 준비할 수 있어요.', 5);
insert into public.styling_products (shop_id, id, kind, name, description, regular_price, partner_price, included_services, add_ons, notice, sort_order) values ('shop-line-bridal', 'single-hair-makeup-19', 'single', '신랑·신부 헤어 메이크업', '두 분 기준의 촬영용 헤어·메이크업 구성입니다.', '{"total":390000,"vatAmount":40000,"taxIncluded":true}'::jsonb, '{"total":330000,"vatAmount":30000,"taxIncluded":true}'::jsonb, array['신부 메이크업 · 헤어', '신랑 메이크업 · 헤어', '수정 키트']::text[], '[{"id":"hanbok-19","name":"신랑·신부 한복 세트","price":330000,"description":"두 분 한복과 기본 소품을 함께 준비해요."},{"id":"flower-hair-19","name":"생화 헤어장식","price":30000,"description":"촬영 톤에 맞춘 생화 장식을 더해요."}]'::jsonb, '신부님만 진행해도 기본 비용은 동일할 수 있어 상담에서 확인해요.', 6);
insert into public.styling_shops (id, name, introduction, keywords, inventory_description, sort_order) values ('shop-morrow-dress', '모로우 드레스', '촬영 다음 장면까지 고려한 실용적인 구성으로 준비합니다. 선명한 이목구비를 과하지 않게 정리해드립니다.', array['헬퍼 동선', '실용적', '또렷한 눈매']::text[], '야외 촬영용 드레스와 신랑 예복, 파인 라인의 헤어·메이크업을 한곳에서 준비할 수 있어요.', 20);
insert into public.styling_products (shop_id, id, kind, name, description, regular_price, partner_price, included_services, add_ons, notice, sort_order) values ('shop-morrow-dress', 'package-a', 'package', '패키지 A', '드레스와 예복, 헤어·메이크업을 한 번에 준비하는 구성입니다.', '{"total":900000,"vatAmount":90000,"taxIncluded":true}'::jsonb, '{"total":790000,"vatAmount":80000,"taxIncluded":true}'::jsonb, array['신랑·신부 헤어 메이크업', '메인 롱드레스 1벌', '턱시도 1벌']::text[], '[{"id":"studio-a","name":"스튜디오 촬영 옵션","price":150000,"description":"날씨 변수에 대비한 실내 스튜디오 촬영을 추가해요."}]'::jsonb, '턱시도와 빈티지 드레스는 구성에 따라 교차 변경할 수 있어요.', 0);
insert into public.styling_products (shop_id, id, kind, name, description, regular_price, partner_price, included_services, add_ons, notice, sort_order) values ('shop-morrow-dress', 'package-b', 'package', '패키지 B', '드레스와 예복, 헤어·메이크업을 한 번에 준비하는 구성입니다.', '{"total":950000,"vatAmount":100000,"taxIncluded":true}'::jsonb, '{"total":840000,"vatAmount":80000,"taxIncluded":true}'::jsonb, array['신랑·신부 헤어 메이크업', '메인 롱드레스 1벌', '빈티지 드레스 1벌', '턱시도 1벌']::text[], '[{"id":"studio-b","name":"스튜디오 촬영 옵션","price":150000,"description":"날씨 변수에 대비한 실내 스튜디오 촬영을 추가해요."}]'::jsonb, '턱시도와 빈티지 드레스는 구성에 따라 교차 변경할 수 있어요.', 1);
insert into public.styling_products (shop_id, id, kind, name, description, regular_price, partner_price, included_services, add_ons, notice, sort_order) values ('shop-morrow-dress', 'package-c', 'package', '패키지 C', '드레스와 예복, 헤어·메이크업을 한 번에 준비하는 구성입니다.', '{"total":1060000,"vatAmount":110000,"taxIncluded":true}'::jsonb, '{"total":950000,"vatAmount":100000,"taxIncluded":true}'::jsonb, array['신랑·신부 헤어 메이크업', '메인 롱드레스 2벌', '빈티지 드레스 1벌', '턱시도 1벌']::text[], '[{"id":"studio-c","name":"스튜디오 촬영 옵션","price":150000,"description":"날씨 변수에 대비한 실내 스튜디오 촬영을 추가해요."}]'::jsonb, '턱시도와 빈티지 드레스는 구성에 따라 교차 변경할 수 있어요.', 2);
insert into public.styling_products (shop_id, id, kind, name, description, regular_price, partner_price, included_services, add_ons, notice, sort_order) values ('shop-morrow-dress', 'package-special', 'package', '패키지 Special', '드레스와 예복, 헤어·메이크업을 한 번에 준비하는 구성입니다.', '{"total":1520000,"vatAmount":150000,"taxIncluded":true}'::jsonb, '{"total":1410000,"vatAmount":140000,"taxIncluded":true}'::jsonb, array['신랑·신부 헤어 메이크업', '메인 롱드레스 3벌 · 턱시도 2벌', '생화 부케 세트 · 셔츠 · 구두 · 베일 · 이어링']::text[], '[{"id":"studio-special","name":"스튜디오 촬영 옵션","price":180000,"description":"날씨 변수에 대비한 실내 스튜디오 촬영을 추가해요."}]'::jsonb, '턱시도와 빈티지 드레스는 구성에 따라 교차 변경할 수 있어요.', 3);
insert into public.styling_products (shop_id, id, kind, name, description, regular_price, partner_price, included_services, add_ons, notice, sort_order) values ('shop-morrow-dress', 'single-dress-20', 'single', '드레스 대여', '드레스 한 벌을 취향과 촬영 씬에 맞춰 골라요.', '{"total":150000,"maximumTotal":400000,"vatAmount":0,"taxIncluded":false}'::jsonb, null, array['드레스 1벌', '기본 피팅', '사이즈 상담']::text[], '[{"id":"hanbok-20","name":"신랑·신부 한복 세트","price":330000,"description":"두 분 한복과 기본 소품을 함께 준비해요."}]'::jsonb, '드레스 디자인과 등급에 따라 금액이 달라지고 VAT는 별도예요.', 4);
insert into public.styling_products (shop_id, id, kind, name, description, regular_price, partner_price, included_services, add_ons, notice, sort_order) values ('shop-morrow-dress', 'single-tuxedo-20', 'single', '턱시도 대여', '신랑 예복 상·하의 한 벌을 준비해요.', '{"total":110000,"vatAmount":0,"taxIncluded":false}'::jsonb, null, array['턱시도 상·하의 세트', '95·100·105 사이즈 피팅']::text[], '[{"id":"shirt-20","name":"셔츠 대여","price":10000,"description":"턱시도와 어울리는 기본 셔츠를 함께 대여해요."}]'::jsonb, '110 사이즈는 일부 기본 색상으로 상담 후 준비할 수 있어요.', 5);
insert into public.styling_products (shop_id, id, kind, name, description, regular_price, partner_price, included_services, add_ons, notice, sort_order) values ('shop-morrow-dress', 'single-hair-makeup-20', 'single', '신랑·신부 헤어 메이크업', '두 분 기준의 촬영용 헤어·메이크업 구성입니다.', '{"total":390000,"vatAmount":40000,"taxIncluded":true}'::jsonb, '{"total":330000,"vatAmount":30000,"taxIncluded":true}'::jsonb, array['신부 메이크업 · 헤어', '신랑 메이크업 · 헤어', '수정 키트']::text[], '[{"id":"hanbok-20","name":"신랑·신부 한복 세트","price":330000,"description":"두 분 한복과 기본 소품을 함께 준비해요."},{"id":"flower-hair-20","name":"생화 헤어장식","price":30000,"description":"촬영 톤에 맞춘 생화 장식을 더해요."}]'::jsonb, '신부님만 진행해도 기본 비용은 동일할 수 있어 상담에서 확인해요.', 6);
insert into public.styling_shops (id, name, introduction, keywords, inventory_description, sort_order) values ('shop-petal-room', '페탈 룸', '봄과 초여름 제주에 어울리는 가벼운 소재를 제안해요. 은은하게 빛나는 새틴 피부 표현과 헤어를 제안해요.', array['페탈 소매', '봄', '새틴 광']::text[], '야외 촬영용 드레스와 신랑 예복, 새틴 메이크업의 헤어·메이크업을 한곳에서 준비할 수 있어요.', 21);
insert into public.styling_products (shop_id, id, kind, name, description, regular_price, partner_price, included_services, add_ons, notice, sort_order) values ('shop-petal-room', 'package-a', 'package', '패키지 A', '드레스와 예복, 헤어·메이크업을 한 번에 준비하는 구성입니다.', '{"total":910000,"vatAmount":90000,"taxIncluded":true}'::jsonb, '{"total":820000,"vatAmount":80000,"taxIncluded":true}'::jsonb, array['신랑·신부 헤어 메이크업', '메인 롱드레스 1벌', '턱시도 1벌']::text[], '[{"id":"studio-a","name":"스튜디오 촬영 옵션","price":150000,"description":"날씨 변수에 대비한 실내 스튜디오 촬영을 추가해요."}]'::jsonb, '턱시도와 빈티지 드레스는 구성에 따라 교차 변경할 수 있어요.', 0);
insert into public.styling_products (shop_id, id, kind, name, description, regular_price, partner_price, included_services, add_ons, notice, sort_order) values ('shop-petal-room', 'package-b', 'package', '패키지 B', '드레스와 예복, 헤어·메이크업을 한 번에 준비하는 구성입니다.', '{"total":960000,"vatAmount":100000,"taxIncluded":true}'::jsonb, '{"total":870000,"vatAmount":90000,"taxIncluded":true}'::jsonb, array['신랑·신부 헤어 메이크업', '메인 롱드레스 1벌', '빈티지 드레스 1벌', '턱시도 1벌']::text[], '[{"id":"studio-b","name":"스튜디오 촬영 옵션","price":150000,"description":"날씨 변수에 대비한 실내 스튜디오 촬영을 추가해요."}]'::jsonb, '턱시도와 빈티지 드레스는 구성에 따라 교차 변경할 수 있어요.', 1);
insert into public.styling_products (shop_id, id, kind, name, description, regular_price, partner_price, included_services, add_ons, notice, sort_order) values ('shop-petal-room', 'package-c', 'package', '패키지 C', '드레스와 예복, 헤어·메이크업을 한 번에 준비하는 구성입니다.', '{"total":1070000,"vatAmount":110000,"taxIncluded":true}'::jsonb, '{"total":980000,"vatAmount":100000,"taxIncluded":true}'::jsonb, array['신랑·신부 헤어 메이크업', '메인 롱드레스 2벌', '빈티지 드레스 1벌', '턱시도 1벌']::text[], '[{"id":"studio-c","name":"스튜디오 촬영 옵션","price":150000,"description":"날씨 변수에 대비한 실내 스튜디오 촬영을 추가해요."}]'::jsonb, '턱시도와 빈티지 드레스는 구성에 따라 교차 변경할 수 있어요.', 2);
insert into public.styling_products (shop_id, id, kind, name, description, regular_price, partner_price, included_services, add_ons, notice, sort_order) values ('shop-petal-room', 'package-special', 'package', '패키지 Special', '드레스와 예복, 헤어·메이크업을 한 번에 준비하는 구성입니다.', '{"total":1530000,"vatAmount":150000,"taxIncluded":true}'::jsonb, '{"total":1440000,"vatAmount":140000,"taxIncluded":true}'::jsonb, array['신랑·신부 헤어 메이크업', '메인 롱드레스 3벌 · 턱시도 2벌', '생화 부케 세트 · 셔츠 · 구두 · 베일 · 이어링']::text[], '[{"id":"studio-special","name":"스튜디오 촬영 옵션","price":180000,"description":"날씨 변수에 대비한 실내 스튜디오 촬영을 추가해요."}]'::jsonb, '턱시도와 빈티지 드레스는 구성에 따라 교차 변경할 수 있어요.', 3);
insert into public.styling_products (shop_id, id, kind, name, description, regular_price, partner_price, included_services, add_ons, notice, sort_order) values ('shop-petal-room', 'single-dress-21', 'single', '드레스 대여', '드레스 한 벌을 취향과 촬영 씬에 맞춰 골라요.', '{"total":150000,"maximumTotal":400000,"vatAmount":0,"taxIncluded":false}'::jsonb, null, array['드레스 1벌', '기본 피팅', '사이즈 상담']::text[], '[{"id":"hanbok-21","name":"신랑·신부 한복 세트","price":330000,"description":"두 분 한복과 기본 소품을 함께 준비해요."}]'::jsonb, '드레스 디자인과 등급에 따라 금액이 달라지고 VAT는 별도예요.', 4);
insert into public.styling_products (shop_id, id, kind, name, description, regular_price, partner_price, included_services, add_ons, notice, sort_order) values ('shop-petal-room', 'single-tuxedo-21', 'single', '턱시도 대여', '신랑 예복 상·하의 한 벌을 준비해요.', '{"total":110000,"vatAmount":0,"taxIncluded":false}'::jsonb, null, array['턱시도 상·하의 세트', '95·100·105 사이즈 피팅']::text[], '[{"id":"shirt-21","name":"셔츠 대여","price":10000,"description":"턱시도와 어울리는 기본 셔츠를 함께 대여해요."}]'::jsonb, '110 사이즈는 일부 기본 색상으로 상담 후 준비할 수 있어요.', 5);
insert into public.styling_products (shop_id, id, kind, name, description, regular_price, partner_price, included_services, add_ons, notice, sort_order) values ('shop-petal-room', 'single-hair-makeup-21', 'single', '신랑·신부 헤어 메이크업', '두 분 기준의 촬영용 헤어·메이크업 구성입니다.', '{"total":390000,"vatAmount":40000,"taxIncluded":true}'::jsonb, '{"total":330000,"vatAmount":30000,"taxIncluded":true}'::jsonb, array['신부 메이크업 · 헤어', '신랑 메이크업 · 헤어', '수정 키트']::text[], '[{"id":"hanbok-21","name":"신랑·신부 한복 세트","price":330000,"description":"두 분 한복과 기본 소품을 함께 준비해요."},{"id":"flower-hair-21","name":"생화 헤어장식","price":30000,"description":"촬영 톤에 맞춘 생화 장식을 더해요."}]'::jsonb, '신부님만 진행해도 기본 비용은 동일할 수 있어 상담에서 확인해요.', 6);
insert into public.styling_shops (id, name, introduction, keywords, inventory_description, sort_order) values ('shop-blank-bridal', '블랭크 브라이덜', '꾸밈보다 소재의 결을 중시하는 커플을 위한 드레스예요. 맑고 사랑스러운 색조로 밝은 촬영에 포인트를 더합니다.', array['소재감', '미니멀', '라일락']::text[], '야외 촬영용 드레스와 신랑 예복, 라일락 룸의 헤어·메이크업을 한곳에서 준비할 수 있어요.', 22);
insert into public.styling_products (shop_id, id, kind, name, description, regular_price, partner_price, included_services, add_ons, notice, sort_order) values ('shop-blank-bridal', 'package-a', 'package', '패키지 A', '드레스와 예복, 헤어·메이크업을 한 번에 준비하는 구성입니다.', '{"total":920000,"vatAmount":90000,"taxIncluded":true}'::jsonb, '{"total":820000,"vatAmount":80000,"taxIncluded":true}'::jsonb, array['신랑·신부 헤어 메이크업', '메인 롱드레스 1벌', '턱시도 1벌']::text[], '[{"id":"studio-a","name":"스튜디오 촬영 옵션","price":150000,"description":"날씨 변수에 대비한 실내 스튜디오 촬영을 추가해요."}]'::jsonb, '턱시도와 빈티지 드레스는 구성에 따라 교차 변경할 수 있어요.', 0);
insert into public.styling_products (shop_id, id, kind, name, description, regular_price, partner_price, included_services, add_ons, notice, sort_order) values ('shop-blank-bridal', 'package-b', 'package', '패키지 B', '드레스와 예복, 헤어·메이크업을 한 번에 준비하는 구성입니다.', '{"total":970000,"vatAmount":100000,"taxIncluded":true}'::jsonb, '{"total":870000,"vatAmount":90000,"taxIncluded":true}'::jsonb, array['신랑·신부 헤어 메이크업', '메인 롱드레스 1벌', '빈티지 드레스 1벌', '턱시도 1벌']::text[], '[{"id":"studio-b","name":"스튜디오 촬영 옵션","price":150000,"description":"날씨 변수에 대비한 실내 스튜디오 촬영을 추가해요."}]'::jsonb, '턱시도와 빈티지 드레스는 구성에 따라 교차 변경할 수 있어요.', 1);
insert into public.styling_products (shop_id, id, kind, name, description, regular_price, partner_price, included_services, add_ons, notice, sort_order) values ('shop-blank-bridal', 'package-c', 'package', '패키지 C', '드레스와 예복, 헤어·메이크업을 한 번에 준비하는 구성입니다.', '{"total":1080000,"vatAmount":110000,"taxIncluded":true}'::jsonb, '{"total":980000,"vatAmount":100000,"taxIncluded":true}'::jsonb, array['신랑·신부 헤어 메이크업', '메인 롱드레스 2벌', '빈티지 드레스 1벌', '턱시도 1벌']::text[], '[{"id":"studio-c","name":"스튜디오 촬영 옵션","price":150000,"description":"날씨 변수에 대비한 실내 스튜디오 촬영을 추가해요."}]'::jsonb, '턱시도와 빈티지 드레스는 구성에 따라 교차 변경할 수 있어요.', 2);
insert into public.styling_products (shop_id, id, kind, name, description, regular_price, partner_price, included_services, add_ons, notice, sort_order) values ('shop-blank-bridal', 'package-special', 'package', '패키지 Special', '드레스와 예복, 헤어·메이크업을 한 번에 준비하는 구성입니다.', '{"total":1540000,"vatAmount":150000,"taxIncluded":true}'::jsonb, '{"total":1440000,"vatAmount":140000,"taxIncluded":true}'::jsonb, array['신랑·신부 헤어 메이크업', '메인 롱드레스 3벌 · 턱시도 2벌', '생화 부케 세트 · 셔츠 · 구두 · 베일 · 이어링']::text[], '[{"id":"studio-special","name":"스튜디오 촬영 옵션","price":180000,"description":"날씨 변수에 대비한 실내 스튜디오 촬영을 추가해요."}]'::jsonb, '턱시도와 빈티지 드레스는 구성에 따라 교차 변경할 수 있어요.', 3);
insert into public.styling_products (shop_id, id, kind, name, description, regular_price, partner_price, included_services, add_ons, notice, sort_order) values ('shop-blank-bridal', 'single-dress-22', 'single', '드레스 대여', '드레스 한 벌을 취향과 촬영 씬에 맞춰 골라요.', '{"total":150000,"maximumTotal":400000,"vatAmount":0,"taxIncluded":false}'::jsonb, null, array['드레스 1벌', '기본 피팅', '사이즈 상담']::text[], '[{"id":"hanbok-22","name":"신랑·신부 한복 세트","price":330000,"description":"두 분 한복과 기본 소품을 함께 준비해요."}]'::jsonb, '드레스 디자인과 등급에 따라 금액이 달라지고 VAT는 별도예요.', 4);
insert into public.styling_products (shop_id, id, kind, name, description, regular_price, partner_price, included_services, add_ons, notice, sort_order) values ('shop-blank-bridal', 'single-tuxedo-22', 'single', '턱시도 대여', '신랑 예복 상·하의 한 벌을 준비해요.', '{"total":110000,"vatAmount":0,"taxIncluded":false}'::jsonb, null, array['턱시도 상·하의 세트', '95·100·105 사이즈 피팅']::text[], '[{"id":"shirt-22","name":"셔츠 대여","price":10000,"description":"턱시도와 어울리는 기본 셔츠를 함께 대여해요."}]'::jsonb, '110 사이즈는 일부 기본 색상으로 상담 후 준비할 수 있어요.', 5);
insert into public.styling_products (shop_id, id, kind, name, description, regular_price, partner_price, included_services, add_ons, notice, sort_order) values ('shop-blank-bridal', 'single-hair-makeup-22', 'single', '신랑·신부 헤어 메이크업', '두 분 기준의 촬영용 헤어·메이크업 구성입니다.', '{"total":390000,"vatAmount":40000,"taxIncluded":true}'::jsonb, '{"total":330000,"vatAmount":30000,"taxIncluded":true}'::jsonb, array['신부 메이크업 · 헤어', '신랑 메이크업 · 헤어', '수정 키트']::text[], '[{"id":"hanbok-22","name":"신랑·신부 한복 세트","price":330000,"description":"두 분 한복과 기본 소품을 함께 준비해요."},{"id":"flower-hair-22","name":"생화 헤어장식","price":30000,"description":"촬영 톤에 맞춘 생화 장식을 더해요."}]'::jsonb, '신부님만 진행해도 기본 비용은 동일할 수 있어 상담에서 확인해요.', 6);
insert into public.styling_shops (id, name, introduction, keywords, inventory_description, sort_order) values ('shop-seafoam-dress', '씨폼 드레스', '바다의 밝은 반사광에도 깨끗하게 남는 실루엣을 골라요. 해가 진 뒤에도 입체감이 남는 메이크업을 완성해요.', array['해안', '화이트', '야간']::text[], '야외 촬영용 드레스와 신랑 예복, 애프터글로우의 헤어·메이크업을 한곳에서 준비할 수 있어요.', 23);
insert into public.styling_products (shop_id, id, kind, name, description, regular_price, partner_price, included_services, add_ons, notice, sort_order) values ('shop-seafoam-dress', 'package-a', 'package', '패키지 A', '드레스와 예복, 헤어·메이크업을 한 번에 준비하는 구성입니다.', '{"total":930000,"vatAmount":90000,"taxIncluded":true}'::jsonb, '{"total":820000,"vatAmount":80000,"taxIncluded":true}'::jsonb, array['신랑·신부 헤어 메이크업', '메인 롱드레스 1벌', '턱시도 1벌']::text[], '[{"id":"studio-a","name":"스튜디오 촬영 옵션","price":150000,"description":"날씨 변수에 대비한 실내 스튜디오 촬영을 추가해요."}]'::jsonb, '턱시도와 빈티지 드레스는 구성에 따라 교차 변경할 수 있어요.', 0);
insert into public.styling_products (shop_id, id, kind, name, description, regular_price, partner_price, included_services, add_ons, notice, sort_order) values ('shop-seafoam-dress', 'package-b', 'package', '패키지 B', '드레스와 예복, 헤어·메이크업을 한 번에 준비하는 구성입니다.', '{"total":980000,"vatAmount":100000,"taxIncluded":true}'::jsonb, '{"total":870000,"vatAmount":90000,"taxIncluded":true}'::jsonb, array['신랑·신부 헤어 메이크업', '메인 롱드레스 1벌', '빈티지 드레스 1벌', '턱시도 1벌']::text[], '[{"id":"studio-b","name":"스튜디오 촬영 옵션","price":150000,"description":"날씨 변수에 대비한 실내 스튜디오 촬영을 추가해요."}]'::jsonb, '턱시도와 빈티지 드레스는 구성에 따라 교차 변경할 수 있어요.', 1);
insert into public.styling_products (shop_id, id, kind, name, description, regular_price, partner_price, included_services, add_ons, notice, sort_order) values ('shop-seafoam-dress', 'package-c', 'package', '패키지 C', '드레스와 예복, 헤어·메이크업을 한 번에 준비하는 구성입니다.', '{"total":1090000,"vatAmount":110000,"taxIncluded":true}'::jsonb, '{"total":980000,"vatAmount":100000,"taxIncluded":true}'::jsonb, array['신랑·신부 헤어 메이크업', '메인 롱드레스 2벌', '빈티지 드레스 1벌', '턱시도 1벌']::text[], '[{"id":"studio-c","name":"스튜디오 촬영 옵션","price":150000,"description":"날씨 변수에 대비한 실내 스튜디오 촬영을 추가해요."}]'::jsonb, '턱시도와 빈티지 드레스는 구성에 따라 교차 변경할 수 있어요.', 2);
insert into public.styling_products (shop_id, id, kind, name, description, regular_price, partner_price, included_services, add_ons, notice, sort_order) values ('shop-seafoam-dress', 'package-special', 'package', '패키지 Special', '드레스와 예복, 헤어·메이크업을 한 번에 준비하는 구성입니다.', '{"total":1550000,"vatAmount":160000,"taxIncluded":true}'::jsonb, '{"total":1440000,"vatAmount":140000,"taxIncluded":true}'::jsonb, array['신랑·신부 헤어 메이크업', '메인 롱드레스 3벌 · 턱시도 2벌', '생화 부케 세트 · 셔츠 · 구두 · 베일 · 이어링']::text[], '[{"id":"studio-special","name":"스튜디오 촬영 옵션","price":180000,"description":"날씨 변수에 대비한 실내 스튜디오 촬영을 추가해요."}]'::jsonb, '턱시도와 빈티지 드레스는 구성에 따라 교차 변경할 수 있어요.', 3);
insert into public.styling_products (shop_id, id, kind, name, description, regular_price, partner_price, included_services, add_ons, notice, sort_order) values ('shop-seafoam-dress', 'single-dress-23', 'single', '드레스 대여', '드레스 한 벌을 취향과 촬영 씬에 맞춰 골라요.', '{"total":150000,"maximumTotal":400000,"vatAmount":0,"taxIncluded":false}'::jsonb, null, array['드레스 1벌', '기본 피팅', '사이즈 상담']::text[], '[{"id":"hanbok-23","name":"신랑·신부 한복 세트","price":330000,"description":"두 분 한복과 기본 소품을 함께 준비해요."}]'::jsonb, '드레스 디자인과 등급에 따라 금액이 달라지고 VAT는 별도예요.', 4);
insert into public.styling_products (shop_id, id, kind, name, description, regular_price, partner_price, included_services, add_ons, notice, sort_order) values ('shop-seafoam-dress', 'single-tuxedo-23', 'single', '턱시도 대여', '신랑 예복 상·하의 한 벌을 준비해요.', '{"total":110000,"vatAmount":0,"taxIncluded":false}'::jsonb, null, array['턱시도 상·하의 세트', '95·100·105 사이즈 피팅']::text[], '[{"id":"shirt-23","name":"셔츠 대여","price":10000,"description":"턱시도와 어울리는 기본 셔츠를 함께 대여해요."}]'::jsonb, '110 사이즈는 일부 기본 색상으로 상담 후 준비할 수 있어요.', 5);
insert into public.styling_products (shop_id, id, kind, name, description, regular_price, partner_price, included_services, add_ons, notice, sort_order) values ('shop-seafoam-dress', 'single-hair-makeup-23', 'single', '신랑·신부 헤어 메이크업', '두 분 기준의 촬영용 헤어·메이크업 구성입니다.', '{"total":390000,"vatAmount":40000,"taxIncluded":true}'::jsonb, '{"total":330000,"vatAmount":30000,"taxIncluded":true}'::jsonb, array['신부 메이크업 · 헤어', '신랑 메이크업 · 헤어', '수정 키트']::text[], '[{"id":"hanbok-23","name":"신랑·신부 한복 세트","price":330000,"description":"두 분 한복과 기본 소품을 함께 준비해요."},{"id":"flower-hair-23","name":"생화 헤어장식","price":30000,"description":"촬영 톤에 맞춘 생화 장식을 더해요."}]'::jsonb, '신부님만 진행해도 기본 비용은 동일할 수 있어 상담에서 확인해요.', 6);
insert into public.styling_shops (id, name, introduction, keywords, inventory_description, sort_order) values ('shop-slow-bride', '슬로우 브라이드', '여유로운 피팅 시간과 차분한 상담을 함께 제공해요. 해변의 따뜻한 반사광과 어울리는 베이지 톤을 사용해요.', array['여유 피팅', '차분한 상담', '베이지']::text[], '야외 촬영용 드레스와 신랑 예복, 샌드 메이크업의 헤어·메이크업을 한곳에서 준비할 수 있어요.', 24);
insert into public.styling_products (shop_id, id, kind, name, description, regular_price, partner_price, included_services, add_ons, notice, sort_order) values ('shop-slow-bride', 'package-a', 'package', '패키지 A', '드레스와 예복, 헤어·메이크업을 한 번에 준비하는 구성입니다.', '{"total":940000,"vatAmount":90000,"taxIncluded":true}'::jsonb, '{"total":850000,"vatAmount":90000,"taxIncluded":true}'::jsonb, array['신랑·신부 헤어 메이크업', '메인 롱드레스 1벌', '턱시도 1벌']::text[], '[{"id":"studio-a","name":"스튜디오 촬영 옵션","price":150000,"description":"날씨 변수에 대비한 실내 스튜디오 촬영을 추가해요."}]'::jsonb, '턱시도와 빈티지 드레스는 구성에 따라 교차 변경할 수 있어요.', 0);
insert into public.styling_products (shop_id, id, kind, name, description, regular_price, partner_price, included_services, add_ons, notice, sort_order) values ('shop-slow-bride', 'package-b', 'package', '패키지 B', '드레스와 예복, 헤어·메이크업을 한 번에 준비하는 구성입니다.', '{"total":990000,"vatAmount":100000,"taxIncluded":true}'::jsonb, '{"total":900000,"vatAmount":90000,"taxIncluded":true}'::jsonb, array['신랑·신부 헤어 메이크업', '메인 롱드레스 1벌', '빈티지 드레스 1벌', '턱시도 1벌']::text[], '[{"id":"studio-b","name":"스튜디오 촬영 옵션","price":150000,"description":"날씨 변수에 대비한 실내 스튜디오 촬영을 추가해요."}]'::jsonb, '턱시도와 빈티지 드레스는 구성에 따라 교차 변경할 수 있어요.', 1);
insert into public.styling_products (shop_id, id, kind, name, description, regular_price, partner_price, included_services, add_ons, notice, sort_order) values ('shop-slow-bride', 'package-c', 'package', '패키지 C', '드레스와 예복, 헤어·메이크업을 한 번에 준비하는 구성입니다.', '{"total":1100000,"vatAmount":110000,"taxIncluded":true}'::jsonb, '{"total":1010000,"vatAmount":100000,"taxIncluded":true}'::jsonb, array['신랑·신부 헤어 메이크업', '메인 롱드레스 2벌', '빈티지 드레스 1벌', '턱시도 1벌']::text[], '[{"id":"studio-c","name":"스튜디오 촬영 옵션","price":150000,"description":"날씨 변수에 대비한 실내 스튜디오 촬영을 추가해요."}]'::jsonb, '턱시도와 빈티지 드레스는 구성에 따라 교차 변경할 수 있어요.', 2);
insert into public.styling_products (shop_id, id, kind, name, description, regular_price, partner_price, included_services, add_ons, notice, sort_order) values ('shop-slow-bride', 'package-special', 'package', '패키지 Special', '드레스와 예복, 헤어·메이크업을 한 번에 준비하는 구성입니다.', '{"total":1560000,"vatAmount":160000,"taxIncluded":true}'::jsonb, '{"total":1470000,"vatAmount":150000,"taxIncluded":true}'::jsonb, array['신랑·신부 헤어 메이크업', '메인 롱드레스 3벌 · 턱시도 2벌', '생화 부케 세트 · 셔츠 · 구두 · 베일 · 이어링']::text[], '[{"id":"studio-special","name":"스튜디오 촬영 옵션","price":180000,"description":"날씨 변수에 대비한 실내 스튜디오 촬영을 추가해요."}]'::jsonb, '턱시도와 빈티지 드레스는 구성에 따라 교차 변경할 수 있어요.', 3);
insert into public.styling_products (shop_id, id, kind, name, description, regular_price, partner_price, included_services, add_ons, notice, sort_order) values ('shop-slow-bride', 'single-dress-24', 'single', '드레스 대여', '드레스 한 벌을 취향과 촬영 씬에 맞춰 골라요.', '{"total":150000,"maximumTotal":400000,"vatAmount":0,"taxIncluded":false}'::jsonb, null, array['드레스 1벌', '기본 피팅', '사이즈 상담']::text[], '[{"id":"hanbok-24","name":"신랑·신부 한복 세트","price":330000,"description":"두 분 한복과 기본 소품을 함께 준비해요."}]'::jsonb, '드레스 디자인과 등급에 따라 금액이 달라지고 VAT는 별도예요.', 4);
insert into public.styling_products (shop_id, id, kind, name, description, regular_price, partner_price, included_services, add_ons, notice, sort_order) values ('shop-slow-bride', 'single-tuxedo-24', 'single', '턱시도 대여', '신랑 예복 상·하의 한 벌을 준비해요.', '{"total":110000,"vatAmount":0,"taxIncluded":false}'::jsonb, null, array['턱시도 상·하의 세트', '95·100·105 사이즈 피팅']::text[], '[{"id":"shirt-24","name":"셔츠 대여","price":10000,"description":"턱시도와 어울리는 기본 셔츠를 함께 대여해요."}]'::jsonb, '110 사이즈는 일부 기본 색상으로 상담 후 준비할 수 있어요.', 5);
insert into public.styling_products (shop_id, id, kind, name, description, regular_price, partner_price, included_services, add_ons, notice, sort_order) values ('shop-slow-bride', 'single-hair-makeup-24', 'single', '신랑·신부 헤어 메이크업', '두 분 기준의 촬영용 헤어·메이크업 구성입니다.', '{"total":390000,"vatAmount":40000,"taxIncluded":true}'::jsonb, '{"total":330000,"vatAmount":30000,"taxIncluded":true}'::jsonb, array['신부 메이크업 · 헤어', '신랑 메이크업 · 헤어', '수정 키트']::text[], '[{"id":"hanbok-24","name":"신랑·신부 한복 세트","price":330000,"description":"두 분 한복과 기본 소품을 함께 준비해요."},{"id":"flower-hair-24","name":"생화 헤어장식","price":30000,"description":"촬영 톤에 맞춘 생화 장식을 더해요."}]'::jsonb, '신부님만 진행해도 기본 비용은 동일할 수 있어 상담에서 확인해요.', 6);
insert into public.styling_shops (id, name, introduction, keywords, inventory_description, sort_order) values ('shop-noble-dress', '노블 드레스', '단정하고 격식 있는 분위기를 원하는 커플에게 어울려요. 잔머리와 작은 디테일이 예쁜 사랑스러운 헤어를 만들어요.', array['롱슬리브', '포멀', '잔머리']::text[], '야외 촬영용 드레스와 신랑 예복, 쁘띠 헤어의 헤어·메이크업을 한곳에서 준비할 수 있어요.', 25);
insert into public.styling_products (shop_id, id, kind, name, description, regular_price, partner_price, included_services, add_ons, notice, sort_order) values ('shop-noble-dress', 'package-a', 'package', '패키지 A', '드레스와 예복, 헤어·메이크업을 한 번에 준비하는 구성입니다.', '{"total":950000,"vatAmount":100000,"taxIncluded":true}'::jsonb, '{"total":850000,"vatAmount":90000,"taxIncluded":true}'::jsonb, array['신랑·신부 헤어 메이크업', '메인 롱드레스 1벌', '턱시도 1벌']::text[], '[{"id":"studio-a","name":"스튜디오 촬영 옵션","price":150000,"description":"날씨 변수에 대비한 실내 스튜디오 촬영을 추가해요."}]'::jsonb, '턱시도와 빈티지 드레스는 구성에 따라 교차 변경할 수 있어요.', 0);
insert into public.styling_products (shop_id, id, kind, name, description, regular_price, partner_price, included_services, add_ons, notice, sort_order) values ('shop-noble-dress', 'package-b', 'package', '패키지 B', '드레스와 예복, 헤어·메이크업을 한 번에 준비하는 구성입니다.', '{"total":1000000,"vatAmount":100000,"taxIncluded":true}'::jsonb, '{"total":900000,"vatAmount":90000,"taxIncluded":true}'::jsonb, array['신랑·신부 헤어 메이크업', '메인 롱드레스 1벌', '빈티지 드레스 1벌', '턱시도 1벌']::text[], '[{"id":"studio-b","name":"스튜디오 촬영 옵션","price":150000,"description":"날씨 변수에 대비한 실내 스튜디오 촬영을 추가해요."}]'::jsonb, '턱시도와 빈티지 드레스는 구성에 따라 교차 변경할 수 있어요.', 1);
insert into public.styling_products (shop_id, id, kind, name, description, regular_price, partner_price, included_services, add_ons, notice, sort_order) values ('shop-noble-dress', 'package-c', 'package', '패키지 C', '드레스와 예복, 헤어·메이크업을 한 번에 준비하는 구성입니다.', '{"total":1110000,"vatAmount":110000,"taxIncluded":true}'::jsonb, '{"total":1010000,"vatAmount":100000,"taxIncluded":true}'::jsonb, array['신랑·신부 헤어 메이크업', '메인 롱드레스 2벌', '빈티지 드레스 1벌', '턱시도 1벌']::text[], '[{"id":"studio-c","name":"스튜디오 촬영 옵션","price":150000,"description":"날씨 변수에 대비한 실내 스튜디오 촬영을 추가해요."}]'::jsonb, '턱시도와 빈티지 드레스는 구성에 따라 교차 변경할 수 있어요.', 2);
insert into public.styling_products (shop_id, id, kind, name, description, regular_price, partner_price, included_services, add_ons, notice, sort_order) values ('shop-noble-dress', 'package-special', 'package', '패키지 Special', '드레스와 예복, 헤어·메이크업을 한 번에 준비하는 구성입니다.', '{"total":1570000,"vatAmount":160000,"taxIncluded":true}'::jsonb, '{"total":1470000,"vatAmount":150000,"taxIncluded":true}'::jsonb, array['신랑·신부 헤어 메이크업', '메인 롱드레스 3벌 · 턱시도 2벌', '생화 부케 세트 · 셔츠 · 구두 · 베일 · 이어링']::text[], '[{"id":"studio-special","name":"스튜디오 촬영 옵션","price":180000,"description":"날씨 변수에 대비한 실내 스튜디오 촬영을 추가해요."}]'::jsonb, '턱시도와 빈티지 드레스는 구성에 따라 교차 변경할 수 있어요.', 3);
insert into public.styling_products (shop_id, id, kind, name, description, regular_price, partner_price, included_services, add_ons, notice, sort_order) values ('shop-noble-dress', 'single-dress-25', 'single', '드레스 대여', '드레스 한 벌을 취향과 촬영 씬에 맞춰 골라요.', '{"total":150000,"maximumTotal":400000,"vatAmount":0,"taxIncluded":false}'::jsonb, null, array['드레스 1벌', '기본 피팅', '사이즈 상담']::text[], '[{"id":"hanbok-25","name":"신랑·신부 한복 세트","price":330000,"description":"두 분 한복과 기본 소품을 함께 준비해요."}]'::jsonb, '드레스 디자인과 등급에 따라 금액이 달라지고 VAT는 별도예요.', 4);
insert into public.styling_products (shop_id, id, kind, name, description, regular_price, partner_price, included_services, add_ons, notice, sort_order) values ('shop-noble-dress', 'single-tuxedo-25', 'single', '턱시도 대여', '신랑 예복 상·하의 한 벌을 준비해요.', '{"total":110000,"vatAmount":0,"taxIncluded":false}'::jsonb, null, array['턱시도 상·하의 세트', '95·100·105 사이즈 피팅']::text[], '[{"id":"shirt-25","name":"셔츠 대여","price":10000,"description":"턱시도와 어울리는 기본 셔츠를 함께 대여해요."}]'::jsonb, '110 사이즈는 일부 기본 색상으로 상담 후 준비할 수 있어요.', 5);
insert into public.styling_products (shop_id, id, kind, name, description, regular_price, partner_price, included_services, add_ons, notice, sort_order) values ('shop-noble-dress', 'single-hair-makeup-25', 'single', '신랑·신부 헤어 메이크업', '두 분 기준의 촬영용 헤어·메이크업 구성입니다.', '{"total":390000,"vatAmount":40000,"taxIncluded":true}'::jsonb, '{"total":330000,"vatAmount":30000,"taxIncluded":true}'::jsonb, array['신부 메이크업 · 헤어', '신랑 메이크업 · 헤어', '수정 키트']::text[], '[{"id":"hanbok-25","name":"신랑·신부 한복 세트","price":330000,"description":"두 분 한복과 기본 소품을 함께 준비해요."},{"id":"flower-hair-25","name":"생화 헤어장식","price":30000,"description":"촬영 톤에 맞춘 생화 장식을 더해요."}]'::jsonb, '신부님만 진행해도 기본 비용은 동일할 수 있어 상담에서 확인해요.', 6);
insert into public.styling_shops (id, name, introduction, keywords, inventory_description, sort_order) values ('shop-sand-closet', '샌드 클로젯', '모래빛 풍경과 자연스럽게 어울리는 뉴트럴 드레스를 준비해요. 긴 촬영일에도 편안하게 유지되는 실용적인 구성이에요.', array['뉴트럴', '해변', '지속력']::text[], '야외 촬영용 드레스와 신랑 예복, 모로우 메이크업의 헤어·메이크업을 한곳에서 준비할 수 있어요.', 26);
insert into public.styling_products (shop_id, id, kind, name, description, regular_price, partner_price, included_services, add_ons, notice, sort_order) values ('shop-sand-closet', 'package-a', 'package', '패키지 A', '드레스와 예복, 헤어·메이크업을 한 번에 준비하는 구성입니다.', '{"total":960000,"vatAmount":100000,"taxIncluded":true}'::jsonb, '{"total":850000,"vatAmount":90000,"taxIncluded":true}'::jsonb, array['신랑·신부 헤어 메이크업', '메인 롱드레스 1벌', '턱시도 1벌']::text[], '[{"id":"studio-a","name":"스튜디오 촬영 옵션","price":150000,"description":"날씨 변수에 대비한 실내 스튜디오 촬영을 추가해요."}]'::jsonb, '턱시도와 빈티지 드레스는 구성에 따라 교차 변경할 수 있어요.', 0);
insert into public.styling_products (shop_id, id, kind, name, description, regular_price, partner_price, included_services, add_ons, notice, sort_order) values ('shop-sand-closet', 'package-b', 'package', '패키지 B', '드레스와 예복, 헤어·메이크업을 한 번에 준비하는 구성입니다.', '{"total":1010000,"vatAmount":100000,"taxIncluded":true}'::jsonb, '{"total":900000,"vatAmount":90000,"taxIncluded":true}'::jsonb, array['신랑·신부 헤어 메이크업', '메인 롱드레스 1벌', '빈티지 드레스 1벌', '턱시도 1벌']::text[], '[{"id":"studio-b","name":"스튜디오 촬영 옵션","price":150000,"description":"날씨 변수에 대비한 실내 스튜디오 촬영을 추가해요."}]'::jsonb, '턱시도와 빈티지 드레스는 구성에 따라 교차 변경할 수 있어요.', 1);
insert into public.styling_products (shop_id, id, kind, name, description, regular_price, partner_price, included_services, add_ons, notice, sort_order) values ('shop-sand-closet', 'package-c', 'package', '패키지 C', '드레스와 예복, 헤어·메이크업을 한 번에 준비하는 구성입니다.', '{"total":1120000,"vatAmount":110000,"taxIncluded":true}'::jsonb, '{"total":1010000,"vatAmount":100000,"taxIncluded":true}'::jsonb, array['신랑·신부 헤어 메이크업', '메인 롱드레스 2벌', '빈티지 드레스 1벌', '턱시도 1벌']::text[], '[{"id":"studio-c","name":"스튜디오 촬영 옵션","price":150000,"description":"날씨 변수에 대비한 실내 스튜디오 촬영을 추가해요."}]'::jsonb, '턱시도와 빈티지 드레스는 구성에 따라 교차 변경할 수 있어요.', 2);
insert into public.styling_products (shop_id, id, kind, name, description, regular_price, partner_price, included_services, add_ons, notice, sort_order) values ('shop-sand-closet', 'package-special', 'package', '패키지 Special', '드레스와 예복, 헤어·메이크업을 한 번에 준비하는 구성입니다.', '{"total":1580000,"vatAmount":160000,"taxIncluded":true}'::jsonb, '{"total":1470000,"vatAmount":150000,"taxIncluded":true}'::jsonb, array['신랑·신부 헤어 메이크업', '메인 롱드레스 3벌 · 턱시도 2벌', '생화 부케 세트 · 셔츠 · 구두 · 베일 · 이어링']::text[], '[{"id":"studio-special","name":"스튜디오 촬영 옵션","price":180000,"description":"날씨 변수에 대비한 실내 스튜디오 촬영을 추가해요."}]'::jsonb, '턱시도와 빈티지 드레스는 구성에 따라 교차 변경할 수 있어요.', 3);
insert into public.styling_products (shop_id, id, kind, name, description, regular_price, partner_price, included_services, add_ons, notice, sort_order) values ('shop-sand-closet', 'single-dress-26', 'single', '드레스 대여', '드레스 한 벌을 취향과 촬영 씬에 맞춰 골라요.', '{"total":150000,"maximumTotal":400000,"vatAmount":0,"taxIncluded":false}'::jsonb, null, array['드레스 1벌', '기본 피팅', '사이즈 상담']::text[], '[{"id":"hanbok-26","name":"신랑·신부 한복 세트","price":330000,"description":"두 분 한복과 기본 소품을 함께 준비해요."}]'::jsonb, '드레스 디자인과 등급에 따라 금액이 달라지고 VAT는 별도예요.', 4);
insert into public.styling_products (shop_id, id, kind, name, description, regular_price, partner_price, included_services, add_ons, notice, sort_order) values ('shop-sand-closet', 'single-tuxedo-26', 'single', '턱시도 대여', '신랑 예복 상·하의 한 벌을 준비해요.', '{"total":110000,"vatAmount":0,"taxIncluded":false}'::jsonb, null, array['턱시도 상·하의 세트', '95·100·105 사이즈 피팅']::text[], '[{"id":"shirt-26","name":"셔츠 대여","price":10000,"description":"턱시도와 어울리는 기본 셔츠를 함께 대여해요."}]'::jsonb, '110 사이즈는 일부 기본 색상으로 상담 후 준비할 수 있어요.', 5);
insert into public.styling_products (shop_id, id, kind, name, description, regular_price, partner_price, included_services, add_ons, notice, sort_order) values ('shop-sand-closet', 'single-hair-makeup-26', 'single', '신랑·신부 헤어 메이크업', '두 분 기준의 촬영용 헤어·메이크업 구성입니다.', '{"total":390000,"vatAmount":40000,"taxIncluded":true}'::jsonb, '{"total":330000,"vatAmount":30000,"taxIncluded":true}'::jsonb, array['신부 메이크업 · 헤어', '신랑 메이크업 · 헤어', '수정 키트']::text[], '[{"id":"hanbok-26","name":"신랑·신부 한복 세트","price":330000,"description":"두 분 한복과 기본 소품을 함께 준비해요."},{"id":"flower-hair-26","name":"생화 헤어장식","price":30000,"description":"촬영 톤에 맞춘 생화 장식을 더해요."}]'::jsonb, '신부님만 진행해도 기본 비용은 동일할 수 있어 상담에서 확인해요.', 6);
insert into public.styling_shops (id, name, introduction, keywords, inventory_description, sort_order) values ('shop-veiling-day', '베일링 데이', '풍성한 베일 연출로 한 컷의 포인트를 더해드립니다. 인물의 장점을 또렷하게 살리는 깨끗한 웨딩 메이크업이에요.', array['롱 베일', '드라마틱', '클린']::text[], '야외 촬영용 드레스와 신랑 예복, 퓨어 씬의 헤어·메이크업을 한곳에서 준비할 수 있어요.', 27);
insert into public.styling_products (shop_id, id, kind, name, description, regular_price, partner_price, included_services, add_ons, notice, sort_order) values ('shop-veiling-day', 'package-a', 'package', '패키지 A', '드레스와 예복, 헤어·메이크업을 한 번에 준비하는 구성입니다.', '{"total":970000,"vatAmount":100000,"taxIncluded":true}'::jsonb, '{"total":880000,"vatAmount":90000,"taxIncluded":true}'::jsonb, array['신랑·신부 헤어 메이크업', '메인 롱드레스 1벌', '턱시도 1벌']::text[], '[{"id":"studio-a","name":"스튜디오 촬영 옵션","price":150000,"description":"날씨 변수에 대비한 실내 스튜디오 촬영을 추가해요."}]'::jsonb, '턱시도와 빈티지 드레스는 구성에 따라 교차 변경할 수 있어요.', 0);
insert into public.styling_products (shop_id, id, kind, name, description, regular_price, partner_price, included_services, add_ons, notice, sort_order) values ('shop-veiling-day', 'package-b', 'package', '패키지 B', '드레스와 예복, 헤어·메이크업을 한 번에 준비하는 구성입니다.', '{"total":1020000,"vatAmount":100000,"taxIncluded":true}'::jsonb, '{"total":930000,"vatAmount":90000,"taxIncluded":true}'::jsonb, array['신랑·신부 헤어 메이크업', '메인 롱드레스 1벌', '빈티지 드레스 1벌', '턱시도 1벌']::text[], '[{"id":"studio-b","name":"스튜디오 촬영 옵션","price":150000,"description":"날씨 변수에 대비한 실내 스튜디오 촬영을 추가해요."}]'::jsonb, '턱시도와 빈티지 드레스는 구성에 따라 교차 변경할 수 있어요.', 1);
insert into public.styling_products (shop_id, id, kind, name, description, regular_price, partner_price, included_services, add_ons, notice, sort_order) values ('shop-veiling-day', 'package-c', 'package', '패키지 C', '드레스와 예복, 헤어·메이크업을 한 번에 준비하는 구성입니다.', '{"total":1130000,"vatAmount":110000,"taxIncluded":true}'::jsonb, '{"total":1040000,"vatAmount":100000,"taxIncluded":true}'::jsonb, array['신랑·신부 헤어 메이크업', '메인 롱드레스 2벌', '빈티지 드레스 1벌', '턱시도 1벌']::text[], '[{"id":"studio-c","name":"스튜디오 촬영 옵션","price":150000,"description":"날씨 변수에 대비한 실내 스튜디오 촬영을 추가해요."}]'::jsonb, '턱시도와 빈티지 드레스는 구성에 따라 교차 변경할 수 있어요.', 2);
insert into public.styling_products (shop_id, id, kind, name, description, regular_price, partner_price, included_services, add_ons, notice, sort_order) values ('shop-veiling-day', 'package-special', 'package', '패키지 Special', '드레스와 예복, 헤어·메이크업을 한 번에 준비하는 구성입니다.', '{"total":1590000,"vatAmount":160000,"taxIncluded":true}'::jsonb, '{"total":1500000,"vatAmount":150000,"taxIncluded":true}'::jsonb, array['신랑·신부 헤어 메이크업', '메인 롱드레스 3벌 · 턱시도 2벌', '생화 부케 세트 · 셔츠 · 구두 · 베일 · 이어링']::text[], '[{"id":"studio-special","name":"스튜디오 촬영 옵션","price":180000,"description":"날씨 변수에 대비한 실내 스튜디오 촬영을 추가해요."}]'::jsonb, '턱시도와 빈티지 드레스는 구성에 따라 교차 변경할 수 있어요.', 3);
insert into public.styling_products (shop_id, id, kind, name, description, regular_price, partner_price, included_services, add_ons, notice, sort_order) values ('shop-veiling-day', 'single-dress-27', 'single', '드레스 대여', '드레스 한 벌을 취향과 촬영 씬에 맞춰 골라요.', '{"total":150000,"maximumTotal":400000,"vatAmount":0,"taxIncluded":false}'::jsonb, null, array['드레스 1벌', '기본 피팅', '사이즈 상담']::text[], '[{"id":"hanbok-27","name":"신랑·신부 한복 세트","price":330000,"description":"두 분 한복과 기본 소품을 함께 준비해요."}]'::jsonb, '드레스 디자인과 등급에 따라 금액이 달라지고 VAT는 별도예요.', 4);
insert into public.styling_products (shop_id, id, kind, name, description, regular_price, partner_price, included_services, add_ons, notice, sort_order) values ('shop-veiling-day', 'single-tuxedo-27', 'single', '턱시도 대여', '신랑 예복 상·하의 한 벌을 준비해요.', '{"total":110000,"vatAmount":0,"taxIncluded":false}'::jsonb, null, array['턱시도 상·하의 세트', '95·100·105 사이즈 피팅']::text[], '[{"id":"shirt-27","name":"셔츠 대여","price":10000,"description":"턱시도와 어울리는 기본 셔츠를 함께 대여해요."}]'::jsonb, '110 사이즈는 일부 기본 색상으로 상담 후 준비할 수 있어요.', 5);
insert into public.styling_products (shop_id, id, kind, name, description, regular_price, partner_price, included_services, add_ons, notice, sort_order) values ('shop-veiling-day', 'single-hair-makeup-27', 'single', '신랑·신부 헤어 메이크업', '두 분 기준의 촬영용 헤어·메이크업 구성입니다.', '{"total":390000,"vatAmount":40000,"taxIncluded":true}'::jsonb, '{"total":330000,"vatAmount":30000,"taxIncluded":true}'::jsonb, array['신부 메이크업 · 헤어', '신랑 메이크업 · 헤어', '수정 키트']::text[], '[{"id":"hanbok-27","name":"신랑·신부 한복 세트","price":330000,"description":"두 분 한복과 기본 소품을 함께 준비해요."},{"id":"flower-hair-27","name":"생화 헤어장식","price":30000,"description":"촬영 톤에 맞춘 생화 장식을 더해요."}]'::jsonb, '신부님만 진행해도 기본 비용은 동일할 수 있어 상담에서 확인해요.', 6);
insert into public.styling_shops (id, name, introduction, keywords, inventory_description, sort_order) values ('shop-dawn-dress', '던 드레스', '이른 아침 촬영에도 맑게 보이는 가벼운 질감이 특징이에요. 노을빛 아래 깊이가 생기는 로맨틱한 색조를 제안합니다.', array['아침 촬영', '오간자', '로맨틱']::text[], '야외 촬영용 드레스와 신랑 예복, 폴링 라이트의 헤어·메이크업을 한곳에서 준비할 수 있어요.', 28);
insert into public.styling_products (shop_id, id, kind, name, description, regular_price, partner_price, included_services, add_ons, notice, sort_order) values ('shop-dawn-dress', 'package-a', 'package', '패키지 A', '드레스와 예복, 헤어·메이크업을 한 번에 준비하는 구성입니다.', '{"total":980000,"vatAmount":100000,"taxIncluded":true}'::jsonb, '{"total":880000,"vatAmount":90000,"taxIncluded":true}'::jsonb, array['신랑·신부 헤어 메이크업', '메인 롱드레스 1벌', '턱시도 1벌']::text[], '[{"id":"studio-a","name":"스튜디오 촬영 옵션","price":150000,"description":"날씨 변수에 대비한 실내 스튜디오 촬영을 추가해요."}]'::jsonb, '턱시도와 빈티지 드레스는 구성에 따라 교차 변경할 수 있어요.', 0);
insert into public.styling_products (shop_id, id, kind, name, description, regular_price, partner_price, included_services, add_ons, notice, sort_order) values ('shop-dawn-dress', 'package-b', 'package', '패키지 B', '드레스와 예복, 헤어·메이크업을 한 번에 준비하는 구성입니다.', '{"total":1030000,"vatAmount":100000,"taxIncluded":true}'::jsonb, '{"total":930000,"vatAmount":90000,"taxIncluded":true}'::jsonb, array['신랑·신부 헤어 메이크업', '메인 롱드레스 1벌', '빈티지 드레스 1벌', '턱시도 1벌']::text[], '[{"id":"studio-b","name":"스튜디오 촬영 옵션","price":150000,"description":"날씨 변수에 대비한 실내 스튜디오 촬영을 추가해요."}]'::jsonb, '턱시도와 빈티지 드레스는 구성에 따라 교차 변경할 수 있어요.', 1);
insert into public.styling_products (shop_id, id, kind, name, description, regular_price, partner_price, included_services, add_ons, notice, sort_order) values ('shop-dawn-dress', 'package-c', 'package', '패키지 C', '드레스와 예복, 헤어·메이크업을 한 번에 준비하는 구성입니다.', '{"total":1140000,"vatAmount":110000,"taxIncluded":true}'::jsonb, '{"total":1040000,"vatAmount":100000,"taxIncluded":true}'::jsonb, array['신랑·신부 헤어 메이크업', '메인 롱드레스 2벌', '빈티지 드레스 1벌', '턱시도 1벌']::text[], '[{"id":"studio-c","name":"스튜디오 촬영 옵션","price":150000,"description":"날씨 변수에 대비한 실내 스튜디오 촬영을 추가해요."}]'::jsonb, '턱시도와 빈티지 드레스는 구성에 따라 교차 변경할 수 있어요.', 2);
insert into public.styling_products (shop_id, id, kind, name, description, regular_price, partner_price, included_services, add_ons, notice, sort_order) values ('shop-dawn-dress', 'package-special', 'package', '패키지 Special', '드레스와 예복, 헤어·메이크업을 한 번에 준비하는 구성입니다.', '{"total":1600000,"vatAmount":160000,"taxIncluded":true}'::jsonb, '{"total":1500000,"vatAmount":150000,"taxIncluded":true}'::jsonb, array['신랑·신부 헤어 메이크업', '메인 롱드레스 3벌 · 턱시도 2벌', '생화 부케 세트 · 셔츠 · 구두 · 베일 · 이어링']::text[], '[{"id":"studio-special","name":"스튜디오 촬영 옵션","price":180000,"description":"날씨 변수에 대비한 실내 스튜디오 촬영을 추가해요."}]'::jsonb, '턱시도와 빈티지 드레스는 구성에 따라 교차 변경할 수 있어요.', 3);
insert into public.styling_products (shop_id, id, kind, name, description, regular_price, partner_price, included_services, add_ons, notice, sort_order) values ('shop-dawn-dress', 'single-dress-28', 'single', '드레스 대여', '드레스 한 벌을 취향과 촬영 씬에 맞춰 골라요.', '{"total":150000,"maximumTotal":400000,"vatAmount":0,"taxIncluded":false}'::jsonb, null, array['드레스 1벌', '기본 피팅', '사이즈 상담']::text[], '[{"id":"hanbok-28","name":"신랑·신부 한복 세트","price":330000,"description":"두 분 한복과 기본 소품을 함께 준비해요."}]'::jsonb, '드레스 디자인과 등급에 따라 금액이 달라지고 VAT는 별도예요.', 4);
insert into public.styling_products (shop_id, id, kind, name, description, regular_price, partner_price, included_services, add_ons, notice, sort_order) values ('shop-dawn-dress', 'single-tuxedo-28', 'single', '턱시도 대여', '신랑 예복 상·하의 한 벌을 준비해요.', '{"total":110000,"vatAmount":0,"taxIncluded":false}'::jsonb, null, array['턱시도 상·하의 세트', '95·100·105 사이즈 피팅']::text[], '[{"id":"shirt-28","name":"셔츠 대여","price":10000,"description":"턱시도와 어울리는 기본 셔츠를 함께 대여해요."}]'::jsonb, '110 사이즈는 일부 기본 색상으로 상담 후 준비할 수 있어요.', 5);
insert into public.styling_products (shop_id, id, kind, name, description, regular_price, partner_price, included_services, add_ons, notice, sort_order) values ('shop-dawn-dress', 'single-hair-makeup-28', 'single', '신랑·신부 헤어 메이크업', '두 분 기준의 촬영용 헤어·메이크업 구성입니다.', '{"total":390000,"vatAmount":40000,"taxIncluded":true}'::jsonb, '{"total":330000,"vatAmount":30000,"taxIncluded":true}'::jsonb, array['신부 메이크업 · 헤어', '신랑 메이크업 · 헤어', '수정 키트']::text[], '[{"id":"hanbok-28","name":"신랑·신부 한복 세트","price":330000,"description":"두 분 한복과 기본 소품을 함께 준비해요."},{"id":"flower-hair-28","name":"생화 헤어장식","price":30000,"description":"촬영 톤에 맞춘 생화 장식을 더해요."}]'::jsonb, '신부님만 진행해도 기본 비용은 동일할 수 있어 상담에서 확인해요.', 6);
insert into public.styling_shops (id, name, introduction, keywords, inventory_description, sort_order) values ('shop-mode-atelier', '모드 아틀리에', '유행보다 오래 남는 모던 클래식 드레스를 제안합니다. 편안한 상담과 부드러운 표현을 원하는 커플에게 맞아요.', array['모던 클래식', '구조적', '부드러운 표현']::text[], '야외 촬영용 드레스와 신랑 예복, 마일드 메이크업의 헤어·메이크업을 한곳에서 준비할 수 있어요.', 29);
insert into public.styling_products (shop_id, id, kind, name, description, regular_price, partner_price, included_services, add_ons, notice, sort_order) values ('shop-mode-atelier', 'package-a', 'package', '패키지 A', '드레스와 예복, 헤어·메이크업을 한 번에 준비하는 구성입니다.', '{"total":990000,"vatAmount":100000,"taxIncluded":true}'::jsonb, '{"total":880000,"vatAmount":90000,"taxIncluded":true}'::jsonb, array['신랑·신부 헤어 메이크업', '메인 롱드레스 1벌', '턱시도 1벌']::text[], '[{"id":"studio-a","name":"스튜디오 촬영 옵션","price":150000,"description":"날씨 변수에 대비한 실내 스튜디오 촬영을 추가해요."}]'::jsonb, '턱시도와 빈티지 드레스는 구성에 따라 교차 변경할 수 있어요.', 0);
insert into public.styling_products (shop_id, id, kind, name, description, regular_price, partner_price, included_services, add_ons, notice, sort_order) values ('shop-mode-atelier', 'package-b', 'package', '패키지 B', '드레스와 예복, 헤어·메이크업을 한 번에 준비하는 구성입니다.', '{"total":1040000,"vatAmount":100000,"taxIncluded":true}'::jsonb, '{"total":930000,"vatAmount":90000,"taxIncluded":true}'::jsonb, array['신랑·신부 헤어 메이크업', '메인 롱드레스 1벌', '빈티지 드레스 1벌', '턱시도 1벌']::text[], '[{"id":"studio-b","name":"스튜디오 촬영 옵션","price":150000,"description":"날씨 변수에 대비한 실내 스튜디오 촬영을 추가해요."}]'::jsonb, '턱시도와 빈티지 드레스는 구성에 따라 교차 변경할 수 있어요.', 1);
insert into public.styling_products (shop_id, id, kind, name, description, regular_price, partner_price, included_services, add_ons, notice, sort_order) values ('shop-mode-atelier', 'package-c', 'package', '패키지 C', '드레스와 예복, 헤어·메이크업을 한 번에 준비하는 구성입니다.', '{"total":1150000,"vatAmount":120000,"taxIncluded":true}'::jsonb, '{"total":1040000,"vatAmount":100000,"taxIncluded":true}'::jsonb, array['신랑·신부 헤어 메이크업', '메인 롱드레스 2벌', '빈티지 드레스 1벌', '턱시도 1벌']::text[], '[{"id":"studio-c","name":"스튜디오 촬영 옵션","price":150000,"description":"날씨 변수에 대비한 실내 스튜디오 촬영을 추가해요."}]'::jsonb, '턱시도와 빈티지 드레스는 구성에 따라 교차 변경할 수 있어요.', 2);
insert into public.styling_products (shop_id, id, kind, name, description, regular_price, partner_price, included_services, add_ons, notice, sort_order) values ('shop-mode-atelier', 'package-special', 'package', '패키지 Special', '드레스와 예복, 헤어·메이크업을 한 번에 준비하는 구성입니다.', '{"total":1610000,"vatAmount":160000,"taxIncluded":true}'::jsonb, '{"total":1500000,"vatAmount":150000,"taxIncluded":true}'::jsonb, array['신랑·신부 헤어 메이크업', '메인 롱드레스 3벌 · 턱시도 2벌', '생화 부케 세트 · 셔츠 · 구두 · 베일 · 이어링']::text[], '[{"id":"studio-special","name":"스튜디오 촬영 옵션","price":180000,"description":"날씨 변수에 대비한 실내 스튜디오 촬영을 추가해요."}]'::jsonb, '턱시도와 빈티지 드레스는 구성에 따라 교차 변경할 수 있어요.', 3);
insert into public.styling_products (shop_id, id, kind, name, description, regular_price, partner_price, included_services, add_ons, notice, sort_order) values ('shop-mode-atelier', 'single-dress-29', 'single', '드레스 대여', '드레스 한 벌을 취향과 촬영 씬에 맞춰 골라요.', '{"total":150000,"maximumTotal":400000,"vatAmount":0,"taxIncluded":false}'::jsonb, null, array['드레스 1벌', '기본 피팅', '사이즈 상담']::text[], '[{"id":"hanbok-29","name":"신랑·신부 한복 세트","price":330000,"description":"두 분 한복과 기본 소품을 함께 준비해요."}]'::jsonb, '드레스 디자인과 등급에 따라 금액이 달라지고 VAT는 별도예요.', 4);
insert into public.styling_products (shop_id, id, kind, name, description, regular_price, partner_price, included_services, add_ons, notice, sort_order) values ('shop-mode-atelier', 'single-tuxedo-29', 'single', '턱시도 대여', '신랑 예복 상·하의 한 벌을 준비해요.', '{"total":110000,"vatAmount":0,"taxIncluded":false}'::jsonb, null, array['턱시도 상·하의 세트', '95·100·105 사이즈 피팅']::text[], '[{"id":"shirt-29","name":"셔츠 대여","price":10000,"description":"턱시도와 어울리는 기본 셔츠를 함께 대여해요."}]'::jsonb, '110 사이즈는 일부 기본 색상으로 상담 후 준비할 수 있어요.', 5);
insert into public.styling_products (shop_id, id, kind, name, description, regular_price, partner_price, included_services, add_ons, notice, sort_order) values ('shop-mode-atelier', 'single-hair-makeup-29', 'single', '신랑·신부 헤어 메이크업', '두 분 기준의 촬영용 헤어·메이크업 구성입니다.', '{"total":390000,"vatAmount":40000,"taxIncluded":true}'::jsonb, '{"total":330000,"vatAmount":30000,"taxIncluded":true}'::jsonb, array['신부 메이크업 · 헤어', '신랑 메이크업 · 헤어', '수정 키트']::text[], '[{"id":"hanbok-29","name":"신랑·신부 한복 세트","price":330000,"description":"두 분 한복과 기본 소품을 함께 준비해요."},{"id":"flower-hair-29","name":"생화 헤어장식","price":30000,"description":"촬영 톤에 맞춘 생화 장식을 더해요."}]'::jsonb, '신부님만 진행해도 기본 비용은 동일할 수 있어 상담에서 확인해요.', 6);

insert into public.artist_styling_partners (artist_id, shop_id) values ('mare-snap', 'shop-ore-dress');
insert into public.artist_styling_partners (artist_id, shop_id) values ('blue-room', 'shop-ore-dress');
insert into public.artist_styling_partners (artist_id, shop_id) values ('field-day', 'shop-ore-dress');
insert into public.artist_styling_partners (artist_id, shop_id) values ('island-letter', 'shop-ore-dress');
insert into public.artist_styling_partners (artist_id, shop_id) values ('afternoon-island', 'shop-sodam-dress');
insert into public.artist_styling_partners (artist_id, shop_id) values ('jeju-frame', 'shop-sodam-dress');
insert into public.artist_styling_partners (artist_id, shop_id) values ('warm-stone', 'shop-sodam-dress');
insert into public.artist_styling_partners (artist_id, shop_id) values ('fern-studio', 'shop-sodam-dress');
insert into public.artist_styling_partners (artist_id, shop_id) values ('mono-jeju', 'shop-midnight-dress');
insert into public.artist_styling_partners (artist_id, shop_id) values ('slow-moment', 'shop-midnight-dress');
insert into public.artist_styling_partners (artist_id, shop_id) values ('blank-film', 'shop-midnight-dress');
insert into public.artist_styling_partners (artist_id, shop_id) values ('horizon-day', 'shop-midnight-dress');
insert into public.artist_styling_partners (artist_id, shop_id) values ('between-studio', 'shop-camellia-dress');
insert into public.artist_styling_partners (artist_id, shop_id) values ('sunny-side', 'shop-camellia-dress');
insert into public.artist_styling_partners (artist_id, shop_id) values ('cobalt-snap', 'shop-camellia-dress');
insert into public.artist_styling_partners (artist_id, shop_id) values ('quiet-peak', 'shop-camellia-dress');
insert into public.artist_styling_partners (artist_id, shop_id) values ('breeze-film', 'shop-shore-dress');
insert into public.artist_styling_partners (artist_id, shop_id) values ('still-jeju', 'shop-shore-dress');
insert into public.artist_styling_partners (artist_id, shop_id) values ('camellia-day', 'shop-shore-dress');
insert into public.artist_styling_partners (artist_id, shop_id) values ('daylight-archive', 'shop-shore-dress');
insert into public.artist_styling_partners (artist_id, shop_id) values ('morning-oreum', 'shop-atelier-nine');
insert into public.artist_styling_partners (artist_id, shop_id) values ('little-wave', 'shop-atelier-nine');
insert into public.artist_styling_partners (artist_id, shop_id) values ('open-sky', 'shop-atelier-nine');
insert into public.artist_styling_partners (artist_id, shop_id) values ('after-rain', 'shop-atelier-nine');
insert into public.artist_styling_partners (artist_id, shop_id) values ('sand-letter', 'shop-bloom-dress');
insert into public.artist_styling_partners (artist_id, shop_id) values ('season-note', 'shop-bloom-dress');
insert into public.artist_styling_partners (artist_id, shop_id) values ('soft-shadow', 'shop-bloom-dress');
insert into public.artist_styling_partners (artist_id, shop_id) values ('golden-hour-jeju', 'shop-bloom-dress');
insert into public.artist_styling_partners (artist_id, shop_id) values ('hue-studio', 'shop-meadow-bridal');
insert into public.artist_styling_partners (artist_id, shop_id) values ('field-day', 'shop-meadow-bridal');
insert into public.artist_styling_partners (artist_id, shop_id) values ('island-letter', 'shop-meadow-bridal');
insert into public.artist_styling_partners (artist_id, shop_id) values ('mare-snap', 'shop-meadow-bridal');
insert into public.artist_styling_partners (artist_id, shop_id) values ('green-hour', 'shop-silk-route');
insert into public.artist_styling_partners (artist_id, shop_id) values ('warm-stone', 'shop-silk-route');
insert into public.artist_styling_partners (artist_id, shop_id) values ('fern-studio', 'shop-silk-route');
insert into public.artist_styling_partners (artist_id, shop_id) values ('afternoon-island', 'shop-silk-route');
insert into public.artist_styling_partners (artist_id, shop_id) values ('blue-room', 'shop-dear-dress');
insert into public.artist_styling_partners (artist_id, shop_id) values ('blank-film', 'shop-dear-dress');
insert into public.artist_styling_partners (artist_id, shop_id) values ('horizon-day', 'shop-dear-dress');
insert into public.artist_styling_partners (artist_id, shop_id) values ('mono-jeju', 'shop-dear-dress');
insert into public.artist_styling_partners (artist_id, shop_id) values ('jeju-frame', 'shop-white-fern');
insert into public.artist_styling_partners (artist_id, shop_id) values ('cobalt-snap', 'shop-white-fern');
insert into public.artist_styling_partners (artist_id, shop_id) values ('quiet-peak', 'shop-white-fern');
insert into public.artist_styling_partners (artist_id, shop_id) values ('between-studio', 'shop-white-fern');
insert into public.artist_styling_partners (artist_id, shop_id) values ('slow-moment', 'shop-muse-bridal');
insert into public.artist_styling_partners (artist_id, shop_id) values ('camellia-day', 'shop-muse-bridal');
insert into public.artist_styling_partners (artist_id, shop_id) values ('daylight-archive', 'shop-muse-bridal');
insert into public.artist_styling_partners (artist_id, shop_id) values ('breeze-film', 'shop-muse-bridal');
insert into public.artist_styling_partners (artist_id, shop_id) values ('sunny-side', 'shop-day-one-dress');
insert into public.artist_styling_partners (artist_id, shop_id) values ('open-sky', 'shop-day-one-dress');
insert into public.artist_styling_partners (artist_id, shop_id) values ('after-rain', 'shop-day-one-dress');
insert into public.artist_styling_partners (artist_id, shop_id) values ('morning-oreum', 'shop-day-one-dress');
insert into public.artist_styling_partners (artist_id, shop_id) values ('still-jeju', 'shop-soft-hanger');
insert into public.artist_styling_partners (artist_id, shop_id) values ('soft-shadow', 'shop-soft-hanger');
insert into public.artist_styling_partners (artist_id, shop_id) values ('golden-hour-jeju', 'shop-soft-hanger');
insert into public.artist_styling_partners (artist_id, shop_id) values ('sand-letter', 'shop-soft-hanger');
insert into public.artist_styling_partners (artist_id, shop_id) values ('little-wave', 'shop-river-dress');
insert into public.artist_styling_partners (artist_id, shop_id) values ('island-letter', 'shop-river-dress');
insert into public.artist_styling_partners (artist_id, shop_id) values ('mare-snap', 'shop-river-dress');
insert into public.artist_styling_partners (artist_id, shop_id) values ('hue-studio', 'shop-river-dress');
insert into public.artist_styling_partners (artist_id, shop_id) values ('season-note', 'shop-house-of-veil');
insert into public.artist_styling_partners (artist_id, shop_id) values ('fern-studio', 'shop-house-of-veil');
insert into public.artist_styling_partners (artist_id, shop_id) values ('afternoon-island', 'shop-house-of-veil');
insert into public.artist_styling_partners (artist_id, shop_id) values ('green-hour', 'shop-house-of-veil');
insert into public.artist_styling_partners (artist_id, shop_id) values ('field-day', 'shop-pearl-closet');
insert into public.artist_styling_partners (artist_id, shop_id) values ('horizon-day', 'shop-pearl-closet');
insert into public.artist_styling_partners (artist_id, shop_id) values ('mono-jeju', 'shop-pearl-closet');
insert into public.artist_styling_partners (artist_id, shop_id) values ('blue-room', 'shop-pearl-closet');
insert into public.artist_styling_partners (artist_id, shop_id) values ('warm-stone', 'shop-reveal-dress');
insert into public.artist_styling_partners (artist_id, shop_id) values ('quiet-peak', 'shop-reveal-dress');
insert into public.artist_styling_partners (artist_id, shop_id) values ('between-studio', 'shop-reveal-dress');
insert into public.artist_styling_partners (artist_id, shop_id) values ('jeju-frame', 'shop-reveal-dress');
insert into public.artist_styling_partners (artist_id, shop_id) values ('blank-film', 'shop-studio-lily');
insert into public.artist_styling_partners (artist_id, shop_id) values ('daylight-archive', 'shop-studio-lily');
insert into public.artist_styling_partners (artist_id, shop_id) values ('breeze-film', 'shop-studio-lily');
insert into public.artist_styling_partners (artist_id, shop_id) values ('slow-moment', 'shop-studio-lily');
insert into public.artist_styling_partners (artist_id, shop_id) values ('cobalt-snap', 'shop-line-bridal');
insert into public.artist_styling_partners (artist_id, shop_id) values ('after-rain', 'shop-line-bridal');
insert into public.artist_styling_partners (artist_id, shop_id) values ('morning-oreum', 'shop-line-bridal');
insert into public.artist_styling_partners (artist_id, shop_id) values ('sunny-side', 'shop-line-bridal');
insert into public.artist_styling_partners (artist_id, shop_id) values ('camellia-day', 'shop-morrow-dress');
insert into public.artist_styling_partners (artist_id, shop_id) values ('golden-hour-jeju', 'shop-morrow-dress');
insert into public.artist_styling_partners (artist_id, shop_id) values ('sand-letter', 'shop-morrow-dress');
insert into public.artist_styling_partners (artist_id, shop_id) values ('still-jeju', 'shop-morrow-dress');
insert into public.artist_styling_partners (artist_id, shop_id) values ('open-sky', 'shop-petal-room');
insert into public.artist_styling_partners (artist_id, shop_id) values ('mare-snap', 'shop-petal-room');
insert into public.artist_styling_partners (artist_id, shop_id) values ('hue-studio', 'shop-petal-room');
insert into public.artist_styling_partners (artist_id, shop_id) values ('little-wave', 'shop-petal-room');
insert into public.artist_styling_partners (artist_id, shop_id) values ('soft-shadow', 'shop-blank-bridal');
insert into public.artist_styling_partners (artist_id, shop_id) values ('afternoon-island', 'shop-blank-bridal');
insert into public.artist_styling_partners (artist_id, shop_id) values ('green-hour', 'shop-blank-bridal');
insert into public.artist_styling_partners (artist_id, shop_id) values ('season-note', 'shop-blank-bridal');
insert into public.artist_styling_partners (artist_id, shop_id) values ('island-letter', 'shop-seafoam-dress');
insert into public.artist_styling_partners (artist_id, shop_id) values ('mono-jeju', 'shop-seafoam-dress');
insert into public.artist_styling_partners (artist_id, shop_id) values ('blue-room', 'shop-seafoam-dress');
insert into public.artist_styling_partners (artist_id, shop_id) values ('field-day', 'shop-seafoam-dress');
insert into public.artist_styling_partners (artist_id, shop_id) values ('fern-studio', 'shop-slow-bride');
insert into public.artist_styling_partners (artist_id, shop_id) values ('between-studio', 'shop-slow-bride');
insert into public.artist_styling_partners (artist_id, shop_id) values ('jeju-frame', 'shop-slow-bride');
insert into public.artist_styling_partners (artist_id, shop_id) values ('warm-stone', 'shop-slow-bride');
insert into public.artist_styling_partners (artist_id, shop_id) values ('horizon-day', 'shop-noble-dress');
insert into public.artist_styling_partners (artist_id, shop_id) values ('breeze-film', 'shop-noble-dress');
insert into public.artist_styling_partners (artist_id, shop_id) values ('slow-moment', 'shop-noble-dress');
insert into public.artist_styling_partners (artist_id, shop_id) values ('blank-film', 'shop-noble-dress');
insert into public.artist_styling_partners (artist_id, shop_id) values ('quiet-peak', 'shop-sand-closet');
insert into public.artist_styling_partners (artist_id, shop_id) values ('morning-oreum', 'shop-sand-closet');
insert into public.artist_styling_partners (artist_id, shop_id) values ('sunny-side', 'shop-sand-closet');
insert into public.artist_styling_partners (artist_id, shop_id) values ('cobalt-snap', 'shop-sand-closet');
insert into public.artist_styling_partners (artist_id, shop_id) values ('daylight-archive', 'shop-veiling-day');
insert into public.artist_styling_partners (artist_id, shop_id) values ('sand-letter', 'shop-veiling-day');
insert into public.artist_styling_partners (artist_id, shop_id) values ('still-jeju', 'shop-veiling-day');
insert into public.artist_styling_partners (artist_id, shop_id) values ('camellia-day', 'shop-veiling-day');
insert into public.artist_styling_partners (artist_id, shop_id) values ('after-rain', 'shop-dawn-dress');
insert into public.artist_styling_partners (artist_id, shop_id) values ('hue-studio', 'shop-dawn-dress');
insert into public.artist_styling_partners (artist_id, shop_id) values ('little-wave', 'shop-dawn-dress');
insert into public.artist_styling_partners (artist_id, shop_id) values ('open-sky', 'shop-dawn-dress');
insert into public.artist_styling_partners (artist_id, shop_id) values ('golden-hour-jeju', 'shop-mode-atelier');
insert into public.artist_styling_partners (artist_id, shop_id) values ('green-hour', 'shop-mode-atelier');
insert into public.artist_styling_partners (artist_id, shop_id) values ('season-note', 'shop-mode-atelier');
insert into public.artist_styling_partners (artist_id, shop_id) values ('soft-shadow', 'shop-mode-atelier');
